"story_id","lead_id","working_title","premise","candidate_status","episode","season","position_in_season","territory","research_question","primary_idea","supporting_ideas","philosophical_mechanism","observable_basis","role_in_season","chronology_phase","chronology_confidence","calendar_constraint","continuity_role","connected_ids","episode_1_connection","episode_100_payoff","access_status","main_unresolved_dependency"
"ST-007","SL-SQ02-001","Two skins, two voices","Published accounts describe drum-making settlements near Kandy, one with about 33 families and over 200 artisans supplying schools, temples and dancers, and another at Kuragandeniya in Menikhinna with about 15 families. The same accounts report shortages of hides and of suitable wood.","evidenced-situation","2","S01","1","T01","SQ02","C101-I02","C065-I01; C073-I03","Hearing the faint by starting with the loud - Fine listening can be built in graded steps. A listener starts with sounds that are already obvious, moves toward quieter and nearer ones, widens the field a little at a time, and settles again before telling one sound from another.","Interpretation, not a finding. Observable in: Hollowing a single block of jak, kohomba, ehela or red sandalwood; preparing and mounting two different vellums so that the two heads sound against each other; tensioning; testing by ear.","Opens the season. Puts the season's question on the table: What decides what we actually see and hear? Also a continuity anchor (rank 1).","P3","seasonal","none","primary continuity anchor (rank 1, object and sound)","SEG-E100A; ST-036; ST-061; ST-096","not applicable","object continuity: A drum made on screen is one of the ten objects shown together in the room before the departure.","no contact made; nobody approached; no consent and no filming access anywhere","Whether the hide shortage is a legal supply question, a wildlife-protection question or a price question. The sources name the shortage but not its cause."
"ST-002","SL-SQ01-002","What the rope is made of","Coir craft is documented in these named Kalutara villages. Sector sources describe coir as a long-established cottage industry, with spinning and weaving employing large numbers regionally, many of them women working part-time, alongside about 10,000 direct and 20,000 indirect jobs in the Sri Lankan coir sector.","evidenced-situation","3","S01","2","T01","SQ01","C040-I01","C009-I01; C032-I02","Not everything that reaches us gets noticed - Things that reach the senses are processed to very different depths. A vivid thing sets off a full response, while a faint one may only stir the mind and leave nothing behind.","Interpretation, not a finding. Observable in: Retting, beating and cleaning fibre, spinning yarn, twisting rope, drying yards; the difference between hand work and mill work in the same district.","Develops the season's contrast.","P1","unconstrained","none","standalone","ST-062","not applicable","not applicable","no contact made; nobody approached; no consent and no filming access anywhere","Whether hand rope-twisting still happens in these villages or has moved entirely to mills. Not established. Employment figures come from mixed regional sources and must not be attributed to one village."
"ST-001","SL-SQ01-001","The hand the audience does not watch","UNESCO inscribed Rukada Natya on the Representative List of the Intangible Cultural Heritage of Humanity in 2018, the first Sri Lankan element on that list. The inscription records that it is performed by family groups belonging to or connected with the Gamwari lineage in these towns, that puppeteers make their own puppets and handwritten scripts, and that performances have traditionally been held","evidenced-situation","4","S01","3","T01","SQ01","C009-I01","C040-I01; C073-I03","Most of what meets the eye goes unseen - Countless sights reach the eyes, but only those the mind turns toward are actually seen. Seeing depends on attention as much as on eyes and light.","Interpretation, not a finding. Observable in: Carving and stringing puppets; writing and reciting scripts; a small band; a performance where the audience watches the figure and not the hands above it.","Develops the season's contrast.","P2","fixed-date","Performances traditionally at temples in May and June.","standalone","ST-006","not applicable","not applicable","no contact made; nobody approached; no consent and no filming access anywhere","How many Gamwari families still perform, and whether any performance is scheduled in the coming May-June window. Not established."
"ST-008","SL-SQ02-002","Cut with a thumbnail","Laksha work applies resin from the lac insect to turned wood. In the niyapoten veda technique the lac is drawn out and severed with the thumbnail, and the finished piece is polished with a talipot leaf and coconut oil. Published accounts name Hapuwida in Matale as a village with a handful of remaining artisans, and at least one press piece is titled as being about Sri Lanka's last lacquer workers.","evidenced-situation","5","S01","4","T01","SQ02","C065-I01","C073-I03; C100-I02","Feeling what you reached for - When we touch something, several qualities meet the skin at once, but we register only one. Which one depends on what we were expecting and on our own body, which is the measure against which hot and cold are felt.","Interpretation, not a finding. Observable in: Breeding and collecting the lac resin, washing, drying and filtering it; heating; laying colour on a turning piece; severing with the thumbnail; polishing.","Develops the season's contrast.","P3","unconstrained","none","standalone","none","not applicable","not applicable","no contact made; nobody approached; no consent and no filming access anywhere","How many artisans at Hapuwida still work niyapoten veda rather than brush or spray finishing. Not established."
"ST-003","SL-SQ01-003","The slow way between two towns","The waterway, known locally as the Dutch canal, runs about 14.5 km in the Negombo section of a longer system reaching Puttalam and Colombo. Dutch works extended an older canal as far as Negombo, recorded by 1706; the British-built Hamilton canal from the Kelani river to Negombo was completed in 1802, named after a revenue agent, and was built partly to drain the Muthurajawela wetland. Flat-bottome","evidenced-situation","6","S01","5","T01","SQ01","C008-I01","C013-I01; C014-I02; C047-I01","When hurry leaves nothing fully taken in - An agitated mind, pulled by sudden demands or many tasks at once, may be unable to stay with anything long enough to take it in, so that even good or bad things register flatly.","Interpretation, not a finding. Observable in: A boat moving at walking pace beside a main road, fishing in the canal, and the wetland it drains.","Develops the season's contrast.","P1","unconstrained","none","standalone","ST-084","not applicable","not applicable","no contact made; nobody approached; no consent and no filming access anywhere","Whether any cargo still moves on the canal, and who lives on its banks. The sources are heritage and tourism accounts and none describes present-day users."
"ST-004","SL-SQ01-004","Counting a flock one bird at a time","Bundala's lagoons became Sri Lanka's first Ramsar site in 1990 and the park is described as an internationally important wintering ground for migratory water birds; Kumana was designated a Ramsar wetland on 29 October 2010. The National Bird Ringing Programme was launched at Bundala in 2005 by the Department of Wildlife Conservation with the Field Ornithology Group of Sri Lanka; published accounts","evidenced-situation","7","S01","6","T01","SQ01","C003-I01","C013-I01; C009-I01; C089-I02","Many things at once, one thing at a time - The feeling of seeing, hearing, moving and talking all at the same moment may be many single acts of noticing following each other very quickly. The sense of one smooth, continuous mind is itself something that is produced.","Interpretation, not a finding. Observable in: Mist netting and ringing at dawn, the count itself, and the lagoons filling and emptying with the season.","Develops the season's contrast.","P2","fixed-date","Migratory season September to March; ringing in December and February.","standalone","none","not applicable","not applicable","no contact made; nobody approached; no consent and no filming access anywhere","Whether a ringing session falls within a filming window, and what the twenty-year data actually shows about numbers. Not established."
"ST-006","SL-SQ01-006","The looking is what wears it away","Sigiriya is managed by the Central Cultural Fund. Published accounts describe the frescoes as the site's most fragile element, subject to conservation interventions since the early twentieth century, with current concerns including microbiological growth on the plaster and mechanical vibration from visitor footfall on the metal staircase. Access to the painting cavity is limited to a small viewing","evidenced-situation","8","S01","7","T01","SQ01","C009-I01","C013-I01; C040-I01; C027-I01","Most of what meets the eye goes unseen - Countless sights reach the eyes, but only those the mind turns toward are actually seen. Seeing depends on attention as much as on eyes and light.","Interpretation, not a finding. Observable in: The climb, the queue at the fresco gallery, the wardens enforcing the no-photography rule, and conservation monitoring.","Closes the season. Carries the shift: Attention is an act with a cost, and it selects.","P6","seasonal","none","standalone","ST-001; ST-025","not applicable","not applicable","no contact made; nobody approached; no consent and no filming access anywhere","Visitor numbers, and whether any cap is under consideration. Not established. The conservation claims come partly from guide sources and should be confirmed with the Central Cultural Fund."
"ST-018","SL-SQ03-007","The tune before the bread","Choon paan vendors sell bread and short eats from converted three-wheelers and vans fitted with glass display cases, announcing themselves with a recurring tune, most commonly Fur Elise. Published accounts describe vendors setting out from bakeries before dawn, from around 5.30 in the morning, running fixed routes with a regular customer base, typically appearing between about 6.30 and 8.30 in the","evidenced-situation","9","S02","1","T02","SQ03","C046-I01","C101-I02; C011-I02; C040-I01","Reacting to what we recognise, not what we see - Liking, trust, irritation or confusion attach not to the bare sight of something but to what the mind has recognised it as.","Interpretation, not a finding. Observable in: Loading at the bakery before dawn, the route itself, the doors that open when the tune is heard, and the end of the round.","Opens the season. Puts the season's question on the table: When does recognising something become deciding what it is?","P7","unconstrained","none","standalone","none","not applicable","not applicable","no contact made; nobody approached; no consent and no filming access anywhere","What a vendor earns on a round, and whether the vehicle and stock are owned or taken on credit from a bakery. Not established, and it decides whether this is a small business or piece work."
"ST-005","SL-SQ01-005","He points, and you see nothing","Sinharaja is a UNESCO World Heritage site. Published accounts record that every group entering from the two principal entrances must take a local guide, that guides are recruited from neighbouring villages and trained by the Forest Department, and that these are sought-after positions which have made nearby families stakeholders in the reserve. Buffer-zone households historically depended on shift","evidenced-situation","10","S02","2","T02","SQ01","C034-I01","C013-I01; C009-I01; C097-I02","Seeing before knowing what you see - Registering something is not the same as recognising it. Knowing what a thing is, and whether it is welcome, is built up after the first contact.","Interpretation, not a finding. Observable in: A walk into the forest with a guide who sees what visitors cannot, the home gardens of the buffer zone, and the training that turned forest knowledge into a licensed job.","Develops the season's contrast.","P3","seasonal","Sinharaja is wettest in the inter-monsoon months.","standalone","none","not applicable","not applicable","no contact made; nobody approached; no consent and no filming access anywhere","How many guides there are, what they earn, and how the positions are allocated. Not established, and allocation of a scarce licensed job in a small village is exactly where the interesting material would be."
"ST-012","SL-SQ03-001","Deciding which way a rough stone faces","The hanaporuwa is a bow-driven vertical-lap cutting device described as the traditional Sri Lankan gem-cutting machine. Published accounts report that both hanaporuwa and modern Sri Lankan-made machines are in use in Ratnapura lapidary shops, and that traditional methods remain prized for cabochon cutting of star sapphires. Formal cutting classes are recorded as beginning in the early 1970s at the","evidenced-situation","11","S02","3","T02","SQ03","C020-I02","C013-I01; C073-I03","Seeing only one side of something at once - Anything we attend to has many aspects, but a single moment of attention can settle on only one of them. What a thing seems to be depends partly on which aspect the mind has settled on.","Interpretation, not a finding. Observable in: Orienting a rough stone, dopping, cutting against the lap, the bow's back-and-forth motion, and the moment a star appears or does not.","Develops the season's contrast.","P3","unconstrained","none","standalone","none","not applicable","not applicable","no contact made; nobody approached; no consent and no filming access anywhere","Whether a working cutter will let the orientation decision be filmed. It is the commercially sensitive moment in the trade, and refusal is likely."
"ST-009","SL-SQ02-004","Two thousand hectares and one breath","Na Uyana Aranya Senasanaya is a forest monastery spread over more than 2,000 hectares and described as home to roughly 150 monks, associated with the Sri Kalyani Yogasrama Samstha, with meditation practice following the Pa-Auk method. Cave dwellings with Brahmi inscriptions and stupa ruins at the site date to the third century BCE.","evidenced-situation","12","S02","4","T01","SQ02","C094-I01","C013-I02; C001-I03","Watching the breath without taking control of it - Observing something closely can turn into managing it. With breathing, the manuals say, managing tires a person, while watching lets the breath settle by itself until it is hard to notice.","Interpretation, not a finding. Observable in: Walking between kutis, alms round, the day's timetable, and long sitting. The observable material is the forest, the routine and the silence, not anyone's inner state.","Develops the season's contrast.","P6","seasonal","Aranyas commonly close to visitors during the rains retreat.","standalone","SEG-E001","visual or sound echo: A forest monastery appears in season two. It is not the monastery of Episode 1, and the resemblance is deliberate.","not applicable","no contact made; nobody approached; no consent and no filming access anywhere","Whether any monastery would permit filming at all, and on what terms. Several aranyas do not admit visitors during the rains retreat."
"ST-017","SL-SQ03-006","Two hours between the bite and the antivenom","Peer-reviewed research records over 40,000 hospital admissions for snakebite annually in Sri Lanka, with most patients first presenting to small rural primary hospitals. Research records that most patients reach a first hospital within an hour of being bitten but that a further two hours typically pass before the first dose of antivenom, and identifies the absence of geographically specific antive","evidenced-situation","13","S02","5","T02","SQ03","C020-I01","C076-I03; C089-I01; C096-I02","Knowing the sign without knowing the reason - We recognise things by marks that repetition has laid down. That recognition can become firm and quick without ever including an understanding of what the thing is or why it is so.","Interpretation, not a finding. Observable in: A rural hospital ward at night, the identification problem, the research teams collecting data, and the fields where bites happen.","Develops the season's contrast.","P7","seasonal","Bites peak with the paddy calendar.","standalone","ST-013","not applicable","not applicable","no contact made; nobody approached; no consent and no filming access anywhere","Whether the hump-nosed antivenom trials have reported, and what the current national guideline says. Not established."
"ST-013","SL-SQ03-002","A disease known by its signs","CKDu among paddy farmers was first reported in 1994 and is endemic in parts of the dry zone. Published prevalence figures in some districts run between about 15 and 23 per cent, associated with farming occupations. The recognised causes of chronic kidney disease, including hypertension, diabetes and glomerulonephritis, are not associated with it. Research has examined drinking water from wells, ag","evidenced-situation","14","S02","6","T02","SQ03","C020-I01","C080-I03; C032-I02","Knowing the sign without knowing the reason - We recognise things by marks that repetition has laid down. That recognition can become firm and quick without ever including an understanding of what the thing is or why it is so.","Interpretation, not a finding. Observable in: Clinic and dialysis sessions, water collection and household filtration, field work, and the sampling work of researchers.","Develops the season's contrast.","P6","unconstrained","none","standalone","ST-017","not applicable","not applicable","no contact made; nobody approached; no consent and no filming access anywhere","The cause. That is the point of the story, and it must not be resolved on screen by picking whichever hypothesis films best."
"ST-014","SL-SQ03-003","The law that turned a livelihood into an offence","Dambana is described as the most accessible Wanniya-laeto settlement, home to around 350 families. Reporting records that over the past sixty years forested areas the community lived in were converted into sanctuaries, reservoirs and national parks, restricting hunting, honey gathering and chena cultivation. The Maduru Oya National Park was declared on 9 November 1983. A 2011 agreement is reported","evidenced-situation","15","S02","7","T02","SQ03","C084-I01","C006-I02; C047-I01","When a passing quality becomes a person's name - Words such as ""the greedy one"" or ""the wise one"" take a quality that really occurs and fasten it to a person as a lasting name. The label can then stay long after the quality has come and gone.","Interpretation, not a finding. Observable in: Honey gathering, forest walking, the settlement itself, and the daily reality of visitors who come to see the community.","Develops the season's contrast.","P4","unconstrained","none","standalone","ST-091","not applicable","not applicable","no contact made; nobody approached; no consent and no filming access anywhere","The community's own current position on being filmed, which the scholarship suggests is not simple. Whether a new access agreement is under negotiation."
"ST-015","SL-SQ03-004","A word that outlasted the war","Published reporting and research record Batticaloa as having the highest proportion of women-headed households in the country at about 32.3 per cent, with a reported 25,732 women-headed families in the district living below the poverty line. Research records that most such households can only take low-paid informal or daily work, and identifies land ownership rules, lack of formal employment skill","evidenced-situation","16","S02","8","T02","SQ03","C084-I01","C098-I01; C052-I02; C032-I02","When a passing quality becomes a person's name - Words such as ""the greedy one"" or ""the wise one"" take a quality that really occurs and fasten it to a person as a lasting name. The label can then stay long after the quality has come and gone.","Interpretation, not a finding. Observable in: Daily wage work, a training programme, a land or title office, and household life.","Develops the season's contrast.","P4","unconstrained","none","standalone","none","not applicable","not applicable","no contact made; nobody approached; no consent and no filming access anywhere","Current figures. Most of the specific numbers found date from earlier post-war reporting and must be re-checked before use."
"ST-016","SL-SQ03-005","A year after the water went down","Cyclone Ditwah made landfall on the east coast on 28 November 2025, causing flooding and landslides across all 25 districts. Reported figures by mid-December 2025 were 643 deaths and 183 missing, with more than 107,000 homes damaged or destroyed. UN assessments put around 1.8 million people, about 8 per cent of the population, as affected, with more than a million still needing humanitarian assist","evidenced-situation","17","S02","9","T02","SQ03","C034-I02","C052-I03; C098-I01; C100-I02","What arrives uninvited and what you do with it - Meeting something pleasant or unpleasant is one event. Acting on it is another, and the source places doing, and its moral weight, in the second.","Interpretation, not a finding. Observable in: Rebuilding, a school that was a shelter, the silt line on a wall, and the second wave of rain that undid the first repairs.","Closes the season. Carries the shift: Recognition can be fast, firm, useful and still carry no understanding, and the names it produces can outlast the thing they described. Also a continuity anchor (rank 6).","P7","fixed-date","Anniversary of landfall on 28 November; recovery work continuing.","primary continuity anchor (rank 6, context revealed later)","SEG-E100B; ST-077; ST-086; ST-092","not applicable","context revealed later: The cyclone of 28 November 2025 is the one hard dated marker the series has. Episode 100 uses it to sort the other episodes into before and after.","no contact made; nobody approached; no consent and no filming access anywhere","What recovery looks like now, nine months on. Every figure above is from December 2025 and the current position has not been established."
"ST-021","SL-SQ05-001","Two months on foot to Kataragama","The Pada Yatra is described as the oldest annual foot pilgrimage in Sri Lanka, taking roughly two months and timed to arrive at Kataragama for the festival, with pilgrims gathering in the Jaffna peninsula before setting out. Accounts record that it drew over a thousand pilgrims from Jaffna alone in the 1970s, that it was halted in 1983 after violence against pilgrims, and that it was revived subse","evidenced-situation","18","S03","1","T04","SQ05","C021-I02","C047-I01; C095-I01","Wanting to do without needing to possess - Wanting to do something is not the same as clinging to it. The same wish to act can feed possessiveness or work against it.","Interpretation, not a finding. Observable in: Walking, cooking and sleeping on the route, river crossings, the jungle stretch toward Okanda, and arrival at the shrine.","Opens the season. Puts the season's question on the table: What keeps something wanted after the cost of it is clear? Also a continuity anchor (rank 2).","P4","fixed-date","Walk runs roughly May to July, arriving at Kataragama for the festival.","primary continuity anchor (rank 2, journey)","SEG-E100B","not applicable","chronological continuation: The pilgrimage route is the spine of the underlying journey. Episode 100 Part B shows where Chathura joined it and where he left it.","no contact made; nobody approached; no consent and no filming access anywhere","Exact 2027 dates, current participant numbers, and whether the full northern route is walked or only the eastern section. Not established."
"ST-022","SL-SQ06-001","Twenty-five days of a promise","The Nallur festival runs for twenty-five consecutive days in August or September and is described as the longest continuous religious festival in the country, drawing very large numbers including Tamil expatriates returning to fulfil vows. Devotees are described as observing rigorous personal vows, many walking barefoot throughout, and some carrying kavadi. Festival events include the chariot fest","evidenced-situation","19","S03","2","T04","SQ06","C006-I01","C077-I03; C047-I01","Knowing the cost and still wanting it - Knowing that an action has consequences does not necessarily remove the desire to do it.","Interpretation, not a finding. Observable in: Daily processions over twenty-five days, kavadi carrying, barefoot walking, the arrival of returning family members, and the household preparation behind all of it.","Develops the season's contrast.","P5","fixed-date","Twenty-five days in August or September.","standalone","none","not applicable","not applicable","no contact made; nobody approached; no consent and no filming access anywhere","Exact 2027 dates. Whether the temple permits filming inside, which many Murugan temples restrict, and whether men are required to enter bare-chested, which affects who can film and how."
"ST-023","SL-SQ06-002","A price decided by a mouthful","The Colombo tea auction is held every Tuesday and Wednesday, conducted by the Colombo Tea Traders' Association since 1975, with around six million kilograms offered weekly and eight brokers licensed by the Sri Lanka Tea Board. The Tea Board's green leaf pricing formula sets what a smallholder is paid as a percentage of each factory's tea sales average, computed from monthly average auction prices.","evidenced-situation","20","S03","3","T04","SQ06","C077-I03","C020-I02; C013-I01; C052-I02","Pleasure measured against what you are used to - Whether something feels fine or poor depends partly on what a person is accustomed to. Great comfort can make good things seem dull, and hunger can make plain food taste wonderful.","Interpretation, not a finding. Observable in: Tasting rooms and the spitting line, the auction itself, the weighing of green leaf at a collection point, and a smallholder learning the month's rate.","Develops the season's contrast.","P1","fixed-date","Auction every Tuesday and Wednesday.","standalone","ST-097","not applicable","not applicable","no contact made; nobody approached; no consent and no filming access anywhere","What a smallholder actually received per kilogram in the most recent month, and how closely that tracks the formula. Not established."
"ST-024","SL-SQ06-003","Earning in a currency your neighbours do not use","Reported figures describe nearly 150,000 freelancers in Sri Lanka as of 2022 and over 100,000 Sri Lankans freelancing globally in 2026, with earnings ranging from about USD 100 to 300 a month for entry-level administrative work up to much higher figures for a small proportion. Reporting notes that an experienced freelancer earning USD 1,500 a month takes home more than many salaried local roles. F","evidenced-situation","21","S03","4","T04","SQ06","C077-I03","C088-I02; C001-I03; C076-I01","Pleasure measured against what you are used to - Whether something feels fine or poor depends partly on what a person is accustomed to. Great comfort can make good things seem dull, and hunger can make plain food taste wonderful.","Interpretation, not a finding. Observable in: A working day on someone else's clock, the payment problem, and the household around a person who earns in dollars.","Develops the season's contrast.","P7","unconstrained","none","standalone","none","not applicable","not applicable","no contact made; nobody approached; no consent and no filming access anywhere","Earnings figures come from blogs and marketing sources and are not reliable. The tax position must be confirmed from the revenue authority."
"ST-025","SL-SQ06-004","The tip that depends on a leopard","Reporting records nearly 390,000 visitors to Block I in the first half of 2025 generating more than USD 5 million, and describes Block I as having one of the world's highest leopard densities. Drivers are reported to receive tips of USD 50 to 100 when a leopard is seen, while many drivers and trackers are paid very little and depend on those tips, which is reported to push them to chase and crowd ","evidenced-situation","22","S03","5","T04","SQ06","C073-I02","C007-I01; C086-I02; C098-I01","Getting what you want and wanting it again - Obtaining what we want does not end the wanting. Because what we obtain does not last, the wish to obtain it again returns.","Interpretation, not a finding. Observable in: The queue at the gate before dawn, the radio traffic between drivers, a jam around one animal, and the drive back.","Develops the season's contrast.","P4","seasonal","Yala closes annually for the dry season.","standalone","ST-006","not applicable","not applicable","no contact made; nobody approached; no consent and no filming access anywhere","What a driver actually earns without tips. Reported figures are secondhand."
"ST-011","SL-SQ02-006","Watching a very large place with very few people","Reporting records wildlife officers from the Kukulkatuwa beat office of Wilpattu arresting five suspects over the killing of a pregnant deer, with a firearm, ammunition, a knife, motorcycles and a torch recovered; an armed confrontation between wildlife officers and suspected poachers in Yala in August 2026; and, in September 2026, the poisoning of shrinking water holes during drought to kill anim","evidenced-situation","23","S03","6","T01","SQ02","C013-I01","C075-I01; C003-I02; C096-I01","Looking long enough for something to become clear - A thing reveals its detail only to attention that stays with it and keeps returning to it. A mind that moves from one attractive object to the next sees none of them well.","Interpretation, not a finding. Observable in: Night patrol, beat-office work, evidence handling, and the waterholes themselves during drought.","Develops the season's contrast.","P4","seasonal","none","standalone","none","not applicable","not applicable","no contact made; nobody approached; no consent and no filming access anywhere","Ranger numbers, pay and equipment relative to the area patrolled. The PARKS paper must be read in full for this."
"ST-051","SL-SQ13-001","The animal on the other side of the fence","Reported figures for 2015 to 2024 are 1,195 people and 3,484 wild elephants killed, with further deaths reported in 2025. Reporting describes attacks on farmers rising from 60 in 2011 to 188 in 2023, and describes farmers sleeping in raised watch huts beside their fields, including a named 2024 case at Makulpotha in which a farmer was killed by a bull elephant.","evidenced-situation","24","S03","7","T08","SQ13","C007-I01","C058-I02; C098-I01","When an obstacle to wanting becomes an enemy - When something stands between a person and what they want, the wanting can turn into hostility toward whatever stands in the way.","Interpretation, not a finding. Observable in: Building and occupying a raised watch hut, night noise-making, electric fence maintenance, crop harvesting under pressure, and the Department of Wildlife Conservation's response work.","Develops the season's contrast.","P6","seasonal","Conflict peaks around harvest.","standalone","ST-059","not applicable","not applicable","no contact made; nobody approached; no consent and no filming access anywhere","Which village would agree to be filmed, and whether a household that has lost someone would want that. Nothing is established."
"ST-019","SL-SQ04-001","Seventeen years to a verdict","The Ministerial Consultative Committee on Justice recorded 1,131,818 pending cases across the courts at its meeting of 27 February 2025. Reporting describes criminal prosecutions typically taking around seventeen years and civil litigation running for decades. Prison figures reported alongside this describe a system designed for around 10,000 inmates holding over 40,000, with roughly two-thirds aw","evidenced-situation","25","S03","8","T03","SQ04","C020-I03","C066-I01; C098-I01; C052-I02","Restless yet still gripping the same thing - A mind can be agitated and unsettled while still holding on to one object. Being restless does not mean being free of what one is fixed on.","Interpretation, not a finding. Observable in: Court corridors and adjournment, the file itself, a family travelling to a hearing, and the reform process.","Develops the season's contrast.","P7","unconstrained","none","standalone","ST-020; ST-094","not applicable","not applicable","no contact made; nobody approached; no consent and no filming access anywhere","Whether any individual case could be followed, and whether a court would permit filming at all. Court filming is heavily restricted."
"ST-020","SL-SQ04-002","The thing that waits","The National Dangerous Drugs Control Board runs treatment and rehabilitation centres with counselling and residential facilities, concentrated in the Colombo, Kandy, Galle and Gampaha districts, alongside designated and private centres. Peer-reviewed work on residential treatment in Sri Lanka found all participants to be poly-drug users, with cannabis most common followed by heroin, methamphetamin","evidenced-situation","26","S03","9","T03","SQ04","C074-I01","C081-I01; C082-I01; C014-I01","A dormant urge that waits for its trigger - An urge can be absent from awareness for a long time and still be present, ready to rise when the right situation appears. Once it rises, it may fade in the mind or go on into words and actions.","Interpretation, not a finding. Observable in: Counselling sessions, the daily routine of a residential centre, family visits, and discharge.","Develops the season's contrast.","P7","unconstrained","none","standalone","ST-019","not applicable","not applicable","no contact made; nobody approached; no consent and no filming access anywhere","How many people in these centres are there voluntarily and how many under court order or detention. This determines whether anyone there can consent at all."
"ST-052","SL-SQ13-002","One shrine, several communities","Madhu is described as the principal Catholic Marian shrine in Sri Lanka, with a history of more than four hundred years, drawing Tamil and Sinhala Catholics and also Buddhist and Muslim visitors. The official feast day is 2 July, but the largest gathering is on the Feast of the Assumption on 15 August, when the statue is carried in procession; the August festival is described as drawing hundreds o","evidenced-situation","27","S03","10","T08","SQ13","C095-I01","C047-I01; C005-I01","Growing goodwill from the easiest person outward - Wishing others well is built in steps, from the person easiest to wish well toward the hardest. When anger returns, the practitioner goes back to an easier person before trying again.","Interpretation, not a finding. Observable in: Arrival and encampment, the procession, hostel life, and the ordinary work of feeding and housing a very large temporary population.","Closes the season. Carries the shift: Wanting is not one thing.","P5","fixed-date","Feast of the Assumption, 15 August.","standalone","none","not applicable","not applicable","no contact made; nobody approached; no consent and no filming access anywhere","Attendance figures vary widely between sources and none is official. The shrine's wartime history, including the shelling of the area and the displacement of the statue, needs checking against a documented record before any of it is stated."
"ST-026","SL-SQ07-001","Twenty trees before the heat","Reporting describes toddy tapping as a traditional occupation facing extinction, with younger people unwilling to take on the risk, falls in rain and wind a known hazard, and a small market with co-operatives capping purchases so that sap brings little profit. One report states that about 10,000 people in Jaffna are engaged in growing and tapping palmyrah, with about 800 more working as helpers.","evidenced-situation","28","S04","1","T05","SQ07","C003-I02","C073-I03; C084-I01","When a tired body makes every act need pushing - Whether an action arises readily or needs urging depends partly on the condition of body and mind and on practised skill. Ease and skill go with readiness; exhaustion and heaviness go with needing a push.","Interpretation, not a finding. Observable in: Climbing before dawn, cutting and binding the inflorescence, collecting and lowering pots, the walk between trees, delivery to a co-operative.","Opens the season. Puts the season's question on the table: What has to be true before a person can act at all?","P5","unconstrained","none","standalone","none","not applicable","not applicable","no contact made; nobody approached; no consent and no filming access anywhere","Current tapper numbers and ages. The 10,000 figure is from 2021 and covers growing as well as tapping."
"ST-029","SL-SQ07-004","Three in the morning, every morning","Reporting records productivity in major rubber plantation companies falling by around half in 2025, with yields of about 608 to 659 kg per hectare against 1,235 to 1,380 in 2020, against rising wage and agrochemical costs without matching price increases. Reporting also records tappers leaving the industry over inadequate wages and a lack of social recognition, and a long-term fall in national pro","evidenced-situation","29","S04","2","T05","SQ07","C003-I02","C084-I01; C077-I03; C080-I03","When a tired body makes every act need pushing - Whether an action arises readily or needs urging depends partly on the condition of body and mind and on practised skill. Ease and skill go with readiness; exhaustion and heaviness go with needing a push.","Interpretation, not a finding. Observable in: Pre-dawn tapping, the cup collection round, the smoke house, and the trees that are not being tapped.","Develops the season's contrast.","P3","seasonal","Tapping stops in heavy rain.","standalone","ST-092","not applicable","not applicable","no contact made; nobody approached; no consent and no filming access anywhere","What a tapper is actually paid per tree or per kilogram now. Not established."
"ST-030","SL-SQ08-002","You cannot hurry the sun","Salt production by solar evaporation of seawater followed by manual harvesting is described as a long-established Sri Lankan industry, with salterns at the locations above and national production of over 100,000 metric tons a year, most of it from Hambantota, Puttalam and Mannar. Lanka Salt Limited, formed in 1996 to manage the Hambantota salterns, is described as the largest producer, meeting abo","evidenced-situation","30","S04","3","T05","SQ08","C087-I01","C096-I01; C013-I01","When pushing harder keeps the goal away - Extra effort at the moment a goal seems close can create the agitation that stops it being reached. Backing off to avoid that mistake can tip into slackness, which fails too.","Interpretation, not a finding. Observable in: Brine intake and movement between ponds, the crust forming, raking and heaping, loading, and the long intervals in which nothing can be done but wait.","Develops the season's contrast.","P2","seasonal","Harvest follows the dry months.","standalone","none","not applicable","not applicable","no contact made; nobody approached; no consent and no filming access anywhere","Whether harvesting is still manual at the main salterns or has been mechanised. Sources describe it as largely traditional but are not specific by site or year."
"ST-035","SL-SQ09-002","Fifteen minutes and thirty-two seconds","Suwa Seriya is described as launching in July 2016 in the Southern and Western provinces and expanding island-wide, providing free pre-hospital emergency care with 297 ambulance units, a workforce of about 1,500, and a reported average response time of 15 minutes 32 seconds. A Diploma in Paramedical Sciences for emergency medical technicians was developed with the Faculty of Medicine at the Univer","evidenced-situation","31","S04","4","T06","SQ09","C089-I01","C066-I01; C047-I02; C003-I02","Having a skill but not reaching it in time - Doing something with time to prepare differs from doing it at once when a threat arrives. Using that speed to protect others is rarer still.","Interpretation, not a finding. Observable in: Dispatch, the drive, the handover at a hospital, and the training where the sequence is drilled before it is needed.","Develops the season's contrast.","P7","unconstrained","none","standalone","ST-034","not applicable","not applicable","no contact made; nobody approached; no consent and no filming access anywhere","Response-time figures come from the service itself and have not been independently checked. Rural versus urban performance is not separated in what was found."
"ST-027","SL-SQ07-002","The room shared four ways","Reporting describes Katunayake as a destination for young women from the country's poorer provinces for about forty years, working across more than eighty factories in the zone, most living in crowded boarding houses or rented rooms with shared facilities. 2025 reporting gives an average monthly wage of around 35,000 rupees, against a living-wage estimate from the Asia Floor Wage Alliance of aroun","evidenced-situation","32","S04","5","T05","SQ07","C076-I01","C001-I03; C077-I02","Wanting to be worth what others give up - Learning that someone goes without so that you can be supported can turn into a strong reason to make your own effort worth their sacrifice.","Interpretation, not a finding. Observable in: The shift change at the zone gates, boarding-house life, the money-transfer counters, and the journey home at new year.","Develops the season's contrast.","P1","unconstrained","none","standalone","ST-028","not applicable","not applicable","no contact made; nobody approached; no consent and no filming access anywhere","The hours figures in the sources vary widely and one is from a partisan outlet. Independent confirmation is needed before any hours claim is used."
"ST-028","SL-SQ07-003","Trained here, working somewhere else","Figures attributed to the Health Minister at the 78th World Health Assembly record 4,642 health workers leaving between 2022 and 2025, including 726 specialist doctors, 1,116 medical officers and 2,800 nurses. Reporting records destinations shifting from the Middle East to the UK, Canada and Australia, an annual flow of doctors leaving for compulsory overseas training and not returning, and univer","evidenced-situation","33","S04","6","T05","SQ07","C076-I01","C102-I01; C098-I01; C030-I01","Wanting to be worth what others give up - Learning that someone goes without so that you can be supported can turn into a strong reason to make your own effort worth their sacrifice.","Interpretation, not a finding. Observable in: A ward running short-staffed, a departure, and the training that produced both.","Develops the season's contrast.","P7","unconstrained","none","standalone","ST-027","not applicable","not applicable","no contact made; nobody approached; no consent and no filming access anywhere","The 4,642 figure is reported from a ministerial statement and the underlying dataset has not been seen. The share who return later is not established."
"ST-031","SL-SQ08-004","Forty per cent of the milk","Published accounts describe the state company Milco operating a network of around 95 to 97 milk collection centres and five factories, linked to about 1,423 farmer-managed societies with roughly 14,500 registered dairy farmers supplying directly. Reported figures put local production at about 40 per cent of annual liquid milk demand, with the rest imported as milk powder, and record an annual milk","evidenced-situation","34","S04","7","T05","SQ08","C066-I01","C096-I01; C080-I03; C052-I02","Deciding to move is not yet moving - Thinking about an action, even in detail, does not move the body. A further step is needed in which the intention becomes a force in the limbs, and the body's condition can allow or block it.","Interpretation, not a finding. Observable in: The morning delivery to a collection centre, testing and weighing, the society's records, and the imported powder on the same shop shelf.","Develops the season's contrast.","P7","unconstrained","none","standalone","ST-098","not applicable","not applicable","no contact made; nobody approached; no consent and no filming access anywhere","Current farm-gate price per litre and whether it covers a smallholder's feed cost. Not established."
"ST-033","SL-SQ08-007","Every roof that helps the house strains the line","Reporting records rooftop solar reaching about 9.5 per cent of national grid supply in 2025, against a state programme target of 1,000 MW by 2025 and 1,500 MW by 2030 and a Ceylon Electricity Board aim of 70 per cent renewable generation by 2030. The same reporting records the CEB restricting new rooftop connections in high-demand areas because the low-tension network trips from over-voltage, with","evidenced-situation","35","S04","8","T05","SQ08","C086-I03","C080-I03; C098-I01; C096-I01","What steadies one person unsettles another - The same surroundings, comforts or practices can help one person settle and pull another off balance. What helps depends on which pull is already strong in that person.","Interpretation, not a finding. Observable in: An installation, a meter, a distribution transformer, and the decision about who may connect.","Develops the season's contrast.","P7","unconstrained","none","standalone","ST-090","not applicable","not applicable","no contact made; nobody approached; no consent and no filming access anywhere","Whether the 1,000 MW target was met. The sources state the target, not the outcome."
"ST-040","SL-SQ10-004","The recipe that cannot tell you when","Published accounts describe traditional medical knowledge transmitted within families through prescriptions written on ola-leaf manuscripts, much of it undocumented, held in the custody of practitioners. One account describes a practitioner as the 22nd generation of the Kottayawatta medical lineage. The Bhesajja Manjusa manuscript held at the Ayurveda Research Institute, Maharagama entered the UNE","unverified-lead","36","S04","9","T05","SQ10","C096-I01","C073-I03; C100-I02","Knowing what helps, what harms, and what fits now - Practical wisdom may be three skills, not one: knowing what makes good things grow, what makes them decline, and what this moment calls for. A person can have one without the others.","Interpretation, not a finding. Observable in: Reading and handling manuscripts; preparing medicines; the consultation itself, where the judgement that the text cannot carry is exercised.","Develops the season's contrast.","P7","unknown","Place not established.","standalone","none","not applicable","not applicable","no contact made; nobody approached; no consent and no filming access anywhere","The 22-generation claim is self-reported on a clinic website and is not independently corroborated. No lineage holder has been identified who would be willing to be filmed."
"ST-032","SL-SQ08-005","Told your house is not safe","The National Building Research Organisation is reported as having identified 12,126 families living in high landslide-risk areas and recommended their resettlement, and as having identified 14,184 landslide-prone locations across fourteen districts, with Badulla the highest-risk district at 2,959 rural homes and estate buildings classified high risk. A home-owner-driven resettlement programme has ","evidenced-situation","37","S04","10","T05","SQ08","C076-I02","C098-I01; C052-I02; C102-I01","Knowing when to push and when to leave alone - Steady work on something difficult may need three different moves at different times: pushing, cooling down and simply watching. Any one of them done all the time spoils the work.","Interpretation, not a finding. Observable in: A hazard assessment visit, a warning being issued, a house with a crack in it, and a family that has not moved.","Closes the season. Carries the shift: Readiness is made of conditions: a body, a season, a price, a road, a rule.","P3","seasonal","Risk and warnings peak in the monsoon.","standalone","none","not applicable","not applicable","no contact made; nobody approached; no consent and no filming access anywhere","Why families who are offered relocation do not take it. The sources give the numbers but not the reasons, and the reasons are the story."
"ST-038","SL-SQ10-002","What the fingers know about beeralu","Beeralu is a bobbin-lace technique introduced in the colonial period and worked mainly by women along the southern coast. Published accounts describe it as slowly disappearing because the work is long and arduous, alongside recent revival efforts including state promotion and use by fashion labels.","evidenced-situation","38","S05","1","T06","SQ10","C073-I03","C032-I01","What a description cannot give you - Some things cannot be understood from another person's description. Without direct experience we rely on inference and trust, and even a little first-hand experience changes what a description can convey.","Interpretation, not a finding. Observable in: Working a pillow of bobbins by hand at a household pace; pattern cards; selling at the fort; teaching demonstrations for visitors.","Opens the season. Puts the season's question on the table: How do we know whether we are getting anywhere?","P2","unconstrained","none","standalone","ST-039","not applicable","not applicable","no contact made; nobody approached; no consent and no filming access anywhere","How many women still work beeralu commercially, and what a piece earns against the hours it takes. No reliable current figure was found."
"ST-039","SL-SQ10-003","Before you are allowed to write","Published accounts describe a long training before a scribe was permitted to write on ola, and only very experienced writers being allowed to inscribe major works. The National Library's Preservation and Conservation Centre, inaugurated on 5 August 2015, works on palm-leaf manuscripts and produces a herbal oil used in their conservation. The writing tradition largely ended after printing was intro","evidenced-situation","39","S05","2","T06","SQ10","C073-I03","C100-I02","What a description cannot give you - Some things cannot be understood from another person's description. Without direct experience we rely on inference and trust, and even a little first-hand experience changes what a description can convey.","Interpretation, not a finding. Observable in: Cutting and boiling leaves with papaya pulp and pineapple leaves, sun drying, smoke storage, polishing on an areca cylinder, inscribing with a stylus, and the conservation work itself.","Develops the season's contrast.","P1","unconstrained","none","standalone","ST-038","not applicable","not applicable","no contact made; nobody approached; no consent and no filming access anywhere","Whether anyone today inscribes new text on ola as a working practice rather than a demonstration. Not established, and the premise weakens if the answer is no."
"ST-043","SL-SQ10-007","The syllables you stop needing","The nadaswaram and thavil tradition is described as having been brought from South India and becoming established in northern Sri Lankan temple and wedding practice. Reporting on one Jaffna player records that his grandfather moved from Pudukottai in Tamil Nadu to Jaffna to play the nadaswaram and that his father served as a recognised temple musician at the Nallur Kandaswamy Kovil for forty years","evidenced-situation","40","S05","3","T06","SQ10","C093-I01","C073-I03; C085-I01; C011-I02","Outgrowing the words that first guided learning - Some learning starts with words said again and again until what they point to appears clearly. Later the words can be set aside, like a trail marker nobody needs once the path is worn.","Interpretation, not a finding. Observable in: Temple service and processions, weddings, and the teaching itself, in which rhythmic syllables are spoken before they are played.","Develops the season's contrast.","P5","fixed-date","Temple festival calendar.","standalone","none","not applicable","not applicable","no contact made; nobody approached; no consent and no filming access anywhere","Whether any of the players named in the reporting are currently based in Jaffna and would take part. Both sources profile the same person, which is not two sources on the tradition's state."
"ST-036","SL-SQ09-003","The night a dancer is allowed to wear it","Published accounts describe the ves dance as performed by male dancers who have completed years of training and a ritual, the ves mangalya, that grants permission to wear the full costume, with the ves thattuwa placed on the initiate's head. A standardised teaching method has existed since the mid-1950s, and the first formal school opened in 1944, after which various gurus taught their own forms. ","evidenced-situation","41","S05","4","T06","SQ09","C088-I03","C016-I01; C094-I03; C073-I03","Mastering a stage at will before moving on - Reaching a level once is not the same as commanding it. The source treats a stage as secured only when it can be entered, held, left and reviewed whenever one chooses. Only then is the next stage attempted.","Interpretation, not a finding. Observable in: Class, rehearsal, the preparation of the costume, and the initiation itself.","Develops the season's contrast.","P3","fixed-date","An initiation happens on a set date.","standalone","ST-007; ST-010","not applicable","not applicable","no contact made; nobody approached; no consent and no filming access anywhere","Whether a ves mangalya is scheduled within a filming window, and whether the ritual may be filmed at all. Parts of it may not be."
"ST-041","SL-SQ10-005","An exam taken at ten","The Grade 5 scholarship examination is a national selection test taken by children around the age of ten. Recent research reports an independent association between early examination exposure and anxiety, with examination-exposed children showing longer tuition hours, reduced non-academic activity, and a dose-response relationship between tuition duration and anxiety. The examination has been the ","evidenced-situation","42","S05","5","T06","SQ10","C001-I02","C094-I03; C087-I01; C076-I01","Learning for a title instead of for change - People can study something meant to change how they live, but pursue it for recognition, positions or honour. The learning then grows while the change it promised does not.","Interpretation, not a finding. Observable in: Tuition classes, home study, the exam day, and the results.","Develops the season's contrast.","P7","fixed-date","The examination is held annually.","standalone","ST-044","not applicable","not applicable","no contact made; nobody approached; no consent and no filming access anywhere","Whether the abolition was ever enacted. The sources conflict, and the current legal position has not been established."
"ST-044","SL-SQ10-008","Five grades in one room","Reporting records 1,471 schools with fewer than 50 students, mostly rural and remote primary schools teaching grades 1 to 5, and allegations that around 100 such schools are at risk of permanent closure, alongside a Ministry of Education statement that no decision to close any school had been made. Budget 2025 allocated 500 million rupees to review the school system and prepare a national relocati","evidenced-situation","43","S05","6","T06","SQ10","C096-I02","C085-I01; C013-I01; C001-I02","Fitting an explanation to where someone is confused - The same understanding can be taught in different shapes. Which helps depends on what a learner is confused about, and whether they need it short or detailed.","Interpretation, not a finding. Observable in: A school day with a handful of children, the teacher moving between grades, and the journey some children make to get there.","Develops the season's contrast.","P7","unconstrained","none","standalone","ST-041","not applicable","not applicable","no contact made; nobody approached; no consent and no filming access anywhere","Whether any school has actually closed. The reporting and the ministry disagree, and that disagreement has not been resolved."
"ST-042","SL-SQ10-006","Training where there is nothing to train with","Peer-reviewed work on Sri Lankan sport policy records that resources are centralised in urban areas and that most divisional secretaries do not receive sufficient funding to develop sport or identify talented athletes. Coach education has been delivered regionally, including in Gampaha, Hettipola and Jaffna, through an overseas partner federation. Regional academies exist in cricket and football. ","evidenced-situation","44","S05","7","T06","SQ10","C085-I01","C076-I01; C003-I02; C089-I01","A hard road does not mean slow understanding - How hard it is to keep practising something and how quickly understanding comes are two separate things. A person can struggle and still understand fast, or find the work easy and still understand slowly.","Interpretation, not a finding. Observable in: Training sessions on whatever ground exists, a selection trial, and the travel between a village and a city meet.","Develops the season's contrast.","P7","fixed-date","School season and the March big match.","standalone","none","not applicable","not applicable","no contact made; nobody approached; no consent and no filming access anywhere","No athlete, coach or club has been identified. Without one this is a policy finding, not a documentary."
"ST-034","SL-SQ09-001","Not enough hands for the bark","Sector studies and press reporting describe a shortage of roughly 35,000 peelers, with the consequence that only about 35 per cent of the crop is harvested twice a year while about 65 per cent is harvested once. Reported figures put cinnamon at about 35,000 hectares with about 60,000 growers and about 300,000 workers, and the livelihood reaching roughly 350,000 families. A Cinnamon Training Academ","evidenced-situation","45","S05","8","T06","SQ09","C089-I01","C084-I01; C073-I03","Having a skill but not reaching it in time - Doing something with time to prepare differs from doing it at once when a threat arrives. Using that speed to protect others is rarer still.","Interpretation, not a finding. Observable in: Cutting, rubbing, slitting and peeling the bark; rolling quills; drying sheds; the training benches where new peelers learn on real sticks.","Develops the season's contrast.","P2","seasonal","Peeling follows the harvest cycle.","standalone","ST-035","not applicable","not applicable","no contact made; nobody approached; no consent and no filming access anywhere","Current (2026) peeler numbers and wage rates. The figures above come from different years and must not be presented as a single current picture."
"ST-010","SL-SQ02-005","One light and a great deal of sea","Great Basses Reef Lighthouse is an offshore Scottish granite tower built in 1873, about 37 metres tall, operated and maintained by the Sri Lanka Ports Authority. Published accounts state that the offshore towers at Great Basses and Little Basses are staffed by keepers and are not open to visitors, while most Sri Lankan lighthouses have been automated. Dondra Head, built in 1889, is the tallest lig","unverified-lead","46","S05","9","T01","SQ02","C094-I02","C013-I01; C001-I03","Watching one point to follow a whole movement - Following a moving thing along its whole path can scatter attention. Holding attention at the single place where the movement passes can let the whole of it be known without chasing it.","Interpretation, not a finding. Observable in: The relief run out to the reef, the tower's routine, the sea, and the changeover of keepers.","Develops the season's contrast.","P2","seasonal","The reef is only approachable in a short calm season.","standalone","ST-036","not applicable","not applicable","no contact made; nobody approached; no consent and no filming access anywhere","Staffing, rotation length and whether access is ever granted. All unknown. The reef is also only approachable in a short calm season, which may make this impossible."
"ST-078","SL-SQ21-006","The building came back","The library was burned on the night of 31 May 1981. At the time it held a reported 97,000 volumes, including ola-leaf manuscripts. It was partially reopened in 1984 and fully restored by 2003 through a programme with a reported restoration cost of around 700 million rupees, with international contributions and roughly 25,000 books collected; accounts record that it reopened largely without books. ","evidenced-situation","47","S05","10","T06","SQ21","C100-I02","C001-I01; C047-I01; C055-I01","Taking stock of what is gone and what remains - After a real turning point, it is possible to look back in separate ways: at what was achieved, at what it brought, at what has truly been left behind, and at what is still there.","Interpretation, not a finding. Observable in: The reading rooms as they are used now, the catalogue, and whatever remains of the pre-1981 holdings.","Develops the season's contrast.","P5","unconstrained","none","standalone","none","not applicable","not applicable","no contact made; nobody approached; no consent and no filming access anywhere","How many pre-1981 items survive, and whether any are catalogued as such. Attribution of responsibility for the burning is contested in the sources and must be reported as attributed, not asserted."
"ST-037","SL-SQ10-001","The last hana weavers of Henawala","Henawala is described as the last village in Sri Lanka where hana fibre weaving is still practised. Published accounts state that of roughly 95-100 families in the village, about 10 remain actively engaged in the weaving, and that several master weavers addressed as gurunanse are in their seventies and eighties.","evidenced-situation","48","S05","11","T06","SQ10","C100-I02","C073-I03; C039-I01","Taking stock of what is gone and what remains - After a real turning point, it is possible to look back in separate ways: at what was achieved, at what it brought, at what has truly been left behind, and at what is still there.","Interpretation, not a finding. Observable in: Fibre extraction and preparation, dyeing, and weaving on traditional looms; the counting and naming of pattern motifs; the daily work of the remaining households.","Closes the season. Carries the shift: Some learning cannot be described, some cannot be examined, and some of what looks like arrival is a place you passed through. Also a continuity anchor (rank 4).","P3","unconstrained","none","primary continuity anchor (rank 4, object continuity)","SEG-E100A","not applicable","object continuity: A woven hana piece is among the ten objects.","no contact made; nobody approached; no consent and no filming access anywhere","The 95-100 / 10 family figures are undated in the sources seen and must be re-counted on the ground. The community's own name for itself, and whether it wishes to be described by caste, must be settled with the community before anything is written."
"ST-050","SL-SQ12-003","A stall that gives away everything it makes","Dansal are temporary stalls set up during Vesak by families, businesses, religious organisations and community groups, staffed by volunteers who commonly donate both their time and the cost of the ingredients, giving away food and drink without charge. The same period features handmade lanterns and large illuminated pandals depicting Jataka stories, with named concentrations in Colombo including B","evidenced-situation","49","S06","1","T07","SQ12","C005-I03","C011-I02; C074-I03; C005-I01","Feeding others for the joy of watching them - An act that looks like kindness, such as feeding an animal or a small child, can come from wanting to help or from the pleasure of watching. Caring for a beautiful creature can also shade into wanting to possess it.","Interpretation, not a finding. Observable in: Cooking at scale through the night, the queue, the pandal being built, and the accounting that a group does afterwards.","Opens the season. Puts the season's question on the table: What is actually happening when somebody gives something away?","P7","fixed-date","Vesak, in May.","standalone","ST-049","not applicable","not applicable","no contact made; nobody approached; no consent and no filming access anywhere","Who funds a large dansal and what it costs. Sources are cultural guides and none addresses the money."
"ST-045","SL-SQ11-001","The stalls that stay open all night","The pilgrimage season runs from the Unduwap full moon in December to the Vesak full moon in May, with the heaviest period in January and February. The main route is described as roughly 5,500 steps over about 7 km from Dalhousie, with stalls and tea shops open through the night selling tea, short eats, roti and sundries, and with shrines and rest areas along the way. Outside the season the route i","evidenced-situation","50","S06","2","T07","SQ11","C005-I01","C005-I03; C023-I02","Same act, different reason - An ordinary act such as dressing, eating or earning money has no fixed character. What it becomes depends on what the person is trying to get from it.","Interpretation, not a finding. Observable in: Carrying stock up the mountain, running a stall through the night, the continuous stream of climbers, and the closing of the route at the end of the season.","Develops the season's contrast. Also a continuity anchor (rank 3).","P3","fixed-date","Season from the December to the May full moon.","primary continuity anchor (rank 3, revisited place)","SEG-E100A; ST-048","not applicable","revisited person or place: The Sri Pada trail is climbed once in season and once out of it. The empty climb belongs to Episode 100.","no contact made; nobody approached; no consent and no filming access anywhere","Who holds the right to run a stall on the route, how it is allocated and what it costs. Nothing found."
"ST-049","SL-SQ12-002","Giving the thing you need","Blood donation in Sri Lanka is described as entirely voluntary and non-remunerated, coordinated by the National Blood Transfusion Service under the Ministry of Health, which holds a WHO Collaborating Centre designation and operates a network of blood banks across the country. Published figures describe around 450,000 units collected annually, with a large majority collected through mobile campaign","evidenced-situation","51","S06","3","T07","SQ12","C059-I02","C005-I01; C011-I02","Giving away only what you would not keep - Two gifts of the same size can differ sharply. It matters whether the giver hands over what they would not want themselves, shares what they themselves use, or keeps the lesser part so that others get the better.","Interpretation, not a finding. Observable in: Setting up a camp, the queue, the donation itself, the processing at the centre, and the campaign organisers who assemble donors.","Develops the season's contrast.","P7","unconstrained","none","standalone","ST-050","not applicable","not applicable","no contact made; nobody approached; no consent and no filming access anywhere","Who organises a given camp and why. Whether the 100 per cent voluntary figure holds for every component, including plasma."
"ST-046","SL-SQ11-002","Watering a tree for twenty-three centuries","The site is administered by the Chief High Priest of the Atamasthana and the Atamasthana Palakasabha. Published accounts describe continuous custodial care, daily Buddha pujas by pilgrims, and vows made to a guardian deity through a lay intermediary. Seasonal observances include the Duruthu festival in January, at which the first portion of the newly harvested rice is offered, and an observance a ","evidenced-situation","52","S06","4","T07","SQ11","C011-I02","C005-I01; C039-I01","Doing good by habit without asking why - A good act can be done sincerely and even gladly out of habit or custom, without reflecting on why it matters. The act is still good, but it rests on something other than understanding.","Interpretation, not a finding. Observable in: Cleaning, watering, lamp lighting, the drummed processions of the seasonal observances, and the engineering of props and supports that keep the tree standing.","Develops the season's contrast.","P6","fixed-date","Duruthu new-rice offering in January; observance before the April new year.","standalone","none","not applicable","not applicable","no contact made; nobody approached; no consent and no filming access anywhere","Who the present custodians are, how the role is filled, and whether any of them would speak. Not established."
"ST-047","SL-SQ11-003","An obligation that used to go without saying","Published demographic work describes Sri Lanka as one of the fastest-ageing populations in Asia, with the share aged 60 and above rising from around 12 per cent in 2012 to around 18 per cent by 2024 and projected to approach one in four by around 2040. Research records that elders are traditionally cared for in their adult children's homes and that this arrangement is under strain as adult childre","evidenced-situation","53","S06","5","T07","SQ11","C011-I02","C005-I02; C077-I02; C102-I01","Doing good by habit without asking why - A good act can be done sincerely and even gladly out of habit or custom, without reflecting on why it matters. The act is still good, but it rests on something other than understanding.","Interpretation, not a finding. Observable in: A household where care is given, a video call, and whatever arrangements exist where no child is nearby.","Develops the season's contrast.","P7","unknown","Place not established.","standalone","ST-060","not applicable","not applicable","no contact made; nobody approached; no consent and no filming access anywhere","No household has been identified. The percentages come from different sources and years and must not be presented as one series."
"ST-048","SL-SQ12-001","Paid to be photographed doing it","Reporting and visitor accounts describe the stilt-fishing area at Koggala as a place where fishermen charge for photographs, where some of those on the stilts hire them from actual fishermen, and where the practice functions largely as a cultural performance rather than as active fishing, while some genuine stilt fishing is still said to occur in season.","evidenced-situation","54","S06","6","T07","SQ12","C097-I02","C084-I01; C020-I02","Accepting care meant for who you appear to be - Support, respect and gifts often come attached to a belief about the person receiving them. Accepting them while knowing the belief does not fit creates its own weight.","Interpretation, not a finding. Observable in: Sitting the stilts at dawn and dusk, the negotiation with visitors, the huts where people wait, and whatever real fishing still happens.","Develops the season's contrast.","P2","seasonal","none","standalone","ST-045","not applicable","not applicable","no contact made; nobody approached; no consent and no filming access anywhere","Whether anyone at Koggala still fishes from stilts for a catch, and in which months. This decides whether the story has two sides or one."
"ST-053","SL-SQ14-001","Paid to guard what they used to sell","Published accounts record that close to all turtle eggs at Rekawa were formerly collected for sale or consumption, and that an in-situ nest protection project begun in 1996 employed former egg collectors as nest protectors, after which almost all nests were protected. Reported results over roughly four years include 827 nesting females, 3,328 nests, 372,107 eggs and 305,128 hatchlings released. Se","evidenced-situation","55","S06","7","T09","SQ14","C097-I03","C055-I01; C005-I01; C024-I02","Goodness that ends once its reward arrives - Good conduct kept as a means to something else has a built-in end point. It lasts until the reward is secured, or until keeping it costs more than the reward is worth.","Interpretation, not a finding. Observable in: Night patrol of the beach, nest marking, the release, and the very different scene at a commercial hatchery.","Develops the season's contrast.","P2","fixed-date","Nesting season.","standalone","ST-058","not applicable","not applicable","no contact made; nobody approached; no consent and no filming access anywhere","Whether protection at Rekawa outlasted the grants that paid for it, and what the protectors earn now. This is the question the lead turns on and it has not been answered."
"ST-056","SL-SQ15-002","What happens underground when nobody is watching","Published accounts describe gem mining in Sri Lanka as commonly worked by small partnerships, locally called attus, in which investors put up money and miners put in labour, with finds shared by long-standing agreement more often sealed by handshake than on paper. One account gives the customary division as one fifth to the landowner, one fifth to the financier and the remainder to the workers. A ","evidenced-situation","56","S06","8","T09","SQ15","C023-I01","C024-I02; C052-I01; C020-I02","Holding back for self-respect or for reputation - People refrain from harmful acts for at least two different reasons. One is a sense of who they are (""someone like me does not do this""). The other is awareness of how others would see and judge them.","Interpretation, not a finding. Observable in: Descending the pit, filling and hauling illam, washing and sorting at the surface, and the moment a stone is found.","Develops the season's contrast.","P3","unconstrained","none","standalone","ST-055","not applicable","not applicable","no contact made; nobody approached; no consent and no filming access anywhere","Whether the share figures still hold, and whether pits are licensed. The National Gem and Jewellery Authority licenses mining and that framework has not been checked."
"ST-058","SL-SQ15-004","A wire left in a tea estate","A peer-reviewed study of 17 years of mortality records (2008-2024) reports that wire snares accounted for 62.3 per cent of recorded leopard deaths, that the central highlands accounted for 46.9 per cent of all records with Nuwara Eliya district alone contributing 38.4 per cent, and that human-caused deaths averaged about 9.65 records a year, dominated by adult males and concentrated in plantation ","evidenced-situation","57","S06","9","T09","SQ15","C024-I01","C027-I01; C007-I01; C080-I03","Holding back from harm, with or without a promise - People stop themselves from harm in at least two ways: by responding to the moment when the chance arrives, or by holding to an earlier commitment even at a cost.","Interpretation, not a finding. Observable in: Estate and forest edge, snare removal patrols, and the work that goes on in the same landscape every day.","Develops the season's contrast.","P3","unconstrained","none","standalone","ST-053; ST-092","not applicable","not applicable","no contact made; nobody approached; no consent and no filming access anywhere","Who sets the snares and what for. The study records the cause of death, not the intention behind it, and most snares are understood to be set for other animals. This distinction is the story and must not be collapsed."
"ST-054","SL-SQ14-002","Fifteen nautical miles","Sri Lanka lies on one of the world's busiest shipping routes, with reported figures of up to 50,000 ships a year and 20 to 30 transiting near Mirissa daily. Reported whale deaths include five blue whales and two sperm whales washed ashore with propeller injuries in 2011 and three further blue whale deaths in 2012, and a 2017 study is reported as finding that half of recorded whale deaths in Sri La","evidenced-situation","58","S06","10","T09","SQ14","C027-I01","C024-I03; C098-I01; C096-I01","Not harming is a different act from helping - Holding back from a particular wrong is a separate act, tied to a specific occasion, and is not produced by doing good deeds such as giving or kind speech.","Interpretation, not a finding. Observable in: The pre-dawn departure of the watching fleet, the whales themselves, the ships on the horizon, and the science that produced the 15-mile figure.","Closes the season. Carries the shift: The same act carries different reasons, and some restraint is indistinguishable from generosity until you ask who is watching.","P2","fixed-date","Whale season off the south coast.","standalone","none","not applicable","not applicable","no contact made; nobody approached; no consent and no filming access anywhere","Whether Sri Lanka has submitted any proposal to the International Maritime Organization, and what the current regulatory position on whale-watching boats is. Neither was established."
"ST-057","SL-SQ15-003","What the seniors do because the seniors did it","On 9 July 2025 the Supreme Court issued a judgment and guidelines directed at ending ragging in state universities, following an incident at the University of Sri Jayewardenepura in which a first-year student sustained severe injuries. The judgment is reported as stating that ragging corrupts the core intent of free education and as citing suicide, psychological trauma and academic dropout among v","evidenced-situation","59","S07","1","T09","SQ15","C082-I02","C086-I02; C023-I01; C084-I01","How one crossed line makes the next easier - Once a person has done serious harm, restraint elsewhere can loosen too. A wrong already done becomes a strong support for further wrongs, of the same kind and of other kinds.","Interpretation, not a finding. Observable in: A campus at the start of an academic year, an orientation, a disciplinary process, and the court reporting deadline.","Opens the season. Puts the season's question on the table: How does something held in common become something that can be taken?","P7","fixed-date","Start of an academic year.","standalone","none","not applicable","not applicable","no contact made; nobody approached; no consent and no filming access anywhere","Whether the ministry and the UGC reported on time, and what changed. That is checkable and has not been checked."
"ST-091","SL-SQ23-004","Whose forest the field is","Academic work on chena in Monaragala records the major problems reported by farmers as wildlife and cattle damage (83 per cent), legal action by the forest department (67 per cent), drought (65 per cent), pests and disease (54 per cent) and marketing (43 per cent), and records that around 74 per cent of respondents were willing to continue chena because they have no alternative livelihood. Satelli","evidenced-situation","60","S07","2","T09","SQ23","C006-I02","C052-I01; C098-I01","The belief that makes taking seem fair - Desire can be joined by a belief that removes the sense of wrongdoing, so the act feels permitted or even deserved.","Interpretation, not a finding. Observable in: Clearing and burning before the north-east monsoon, sowing sesame, kurakkan, cowpea and maize, guarding against wildlife, and the harvest.","Develops the season's contrast.","P4","fixed-date","Clearing and burning before the north-east monsoon.","standalone","ST-014","not applicable","not applicable","no contact made; nobody approached; no consent and no filming access anywhere","Whether any of the filmed cultivation would be legally exposed. This decides whether the story can be made at all without putting a household at risk of prosecution."
"ST-055","SL-SQ15-001","What the river is worth by night","Newspaper investigation describes more than two decades of illegal sand mining deepening the river bed, eroding banks, damaging livelihoods and threatening water security along the Deduru Oya, a main water source including for agriculture in the Puttalam district. Published analysis records that the Supreme Court banned river sand mining along the Maha Oya and Deduru Oya in 2004 and that enforceme","evidenced-situation","61","S07","3","T09","SQ15","C082-I02","C023-I01; C098-I01; C052-I01","How one crossed line makes the next easier - Once a person has done serious harm, restraint elsewhere can loosen too. A wrong already done becomes a strong support for further wrongs, of the same kind and of other kinds.","Interpretation, not a finding. Observable in: River banks with visible scour, dug wells, night haulage, and the work of the community groups and officials who try to stop it.","Develops the season's contrast.","P6","unconstrained","none","standalone","ST-056","not applicable","not applicable","no contact made; nobody approached; no consent and no filming access anywhere","Nothing about the present operators is established, and the word mafia comes from a newspaper headline, not from a finding."
"ST-088","SL-SQ23-001","Permits, cane and a road that used to be busy","A dated newspaper investigation reports the cane village contracting from roughly 1,500 families a decade earlier to about 20 active families, with named officeholders and craftsmen interviewed, including the secretary of the Radawadunna Cane Craftsmen's Association. Raw cane requires government permits and comes from Polonnaruwa, Ampara and Mannar; the article reports allegations that larger oper","evidenced-situation","62","S07","4","T14","SQ23","C052-I01","C098-I01; C080-I03","When stockpiling turns shared plenty into boundaries - When people move from taking what they need to storing up, something held in common can start to seem scarce. It gets divided, and division makes it possible to take what is someone else's.","Interpretation, not a finding. Observable in: Soaking, splitting and weaving cane; a roadside shopping strip with most shops closed; permit paperwork; transport of raw cane from other districts.","Develops the season's contrast.","P1","unconstrained","none","standalone","ST-095","not applicable","not applicable","no contact made; nobody approached; no consent and no filming access anywhere","Every figure is from 2015 and must be re-counted for 2026. The allegation about political access to permits is an allegation reported by a newspaper; it is not established and must not be repeated as fact or put to anyone on camera as though it were."
"ST-097","SL-SQ24-004","The price that is agreed at three in the morning","The Dambulla centre, established in 1999 to decentralise produce marketing and give farmers better access, is described as the country's largest wholesale vegetable and fruit market, operating from early morning to midnight. Published accounts record farmers as about 36 per cent of weekly arrivals, with stall owners acting as intermediaries on commission, and describe the centre as having the lowe","evidenced-situation","63","S07","5","T14","SQ24","C086-I02","C080-I03; C052-I01; C098-I01","Praising and blaming because others do - Some judgements of good and bad are not formed by looking but taken over from the people nearby. Once taken over, they can be hard to put down.","Interpretation, not a finding. Observable in: Lorries arriving through the night, unloading and weighing, the commission stalls, and the price being settled.","Develops the season's contrast.","P3","unconstrained","none","standalone","ST-023","not applicable","not applicable","no contact made; nobody approached; no consent and no filming access anywhere","Who actually sets the opening price each night, and how. The mechanism is described differently by the operator and by the press."
"ST-093","SL-SQ23-007","Who gets to name the reason the fare changed","Reporting describes renewed protests by three-wheeler drivers in the last two weeks of December 2025 at Ella, Weligama and Sigiriya against app-based platforms, on the argument that their expansion is eroding livelihoods. Reporting also records the passenger complaints that preceded the apps' growth, including refusal to use meters, inconsistent fares, sudden special charges and reluctance to take","evidenced-situation","64","S07","6","T14","SQ23","C080-I03","C076-I03; C098-I01","Naming one cause for what many causes made - Whenever we say ""this caused that"", we have picked one cause out of many. Which one we pick depends on what we want the explanation to do.","Interpretation, not a finding. Observable in: A three-wheeler stand, the protest itself, a driver's phone, and the negotiation at a tourist site.","Develops the season's contrast.","P7","unconstrained","none","standalone","none","not applicable","not applicable","no contact made; nobody approached; no consent and no filming access anywhere","Actual earnings before and after, on both sides of the argument. Neither drivers' nor platforms' figures have been independently checked."
"ST-089","SL-SQ23-002","Blaming the plastic pot","Molagoda is described as one of the oldest continuously active clay-craft communities, with families whose pottery work descends from obligations under the rajakariya system. Published accounts attribute the industry's decline both to aluminium and plastic goods displacing clay cookware and to clay itself becoming scarce and expensive.","evidenced-situation","65","S07","7","T14","SQ23","C080-I03","C052-I01; C073-I03","Naming one cause for what many causes made - Whenever we say ""this caused that"", we have picked one cause out of many. Which one we pick depends on what we want the explanation to do.","Interpretation, not a finding. Observable in: Digging and preparing clay, wheel throwing, drying yards, open or kiln firing, roadside stalls.","Develops the season's contrast.","P3","unconstrained","none","standalone","none","not applicable","not applicable","no contact made; nobody approached; no consent and no filming access anywhere","Who controls clay extraction licences, and whether construction demand is the competing use. Not established."
"ST-094","SL-SQ23-008","The person who opens the sluice","Sri Lanka is described as retaining around 10,000 village tanks of this type, many still irrigating paddy. Historically a vel vidane, a water master, administered the tank, received a share of each farmer's harvest and was responsible for coordinating maintenance and opening the sluice. Farmer Organisations in their current form came into operation in the 1980s, combining a committee with a water ","evidenced-situation","66","S07","8","T14","SQ23","C052-I02","C052-I01; C098-I01; C091-I03","Handing judgement to someone everyone agrees on - When a group can no longer settle wrongdoing through advice or by punishing one another, it may agree to give one person the power to judge and support that person in return.","Interpretation, not a finding. Observable in: The kanna meeting where the season's water is agreed, the sluice being opened, the canal, and the fields that are at the end of it.","Develops the season's contrast.","P6","fixed-date","The season's allocation meeting.","standalone","ST-019; ST-073","not applicable","not applicable","no contact made; nobody approached; no consent and no filming access anywhere","Which village, and whether its next season's allocation meeting falls within a filming window. Not established."
"ST-090","SL-SQ23-003","The turbines and the fishing ground","The Thambapavani wind farm on Mannar Island, operated by the Ceylon Electricity Board, was built along fishing routes in 2020. A second phase involving Adani Green Energy has been proposed with 52 turbines of 5.2 MW each in an area between a marine national park and a Ramsar wetland. Reporting records fishermen saying they were not told the project would change their livelihoods, concerns in an en","evidenced-situation","67","S07","9","T14","SQ23","C076-I03","C098-I01; C020-I02","When trust outruns judgement, or the reverse - Trust and critical judgement fail in different ways when either stands alone. Trust without judgement puts faith in the wrong things. Judgement without trust can argue itself out of doing any good at all.","Interpretation, not a finding. Observable in: Launching and landing small craft, net work, the turbines themselves, protest meetings, and the bird migration that makes the site internationally significant.","Develops the season's contrast.","P5","unconstrained","none","standalone","ST-033","not applicable","not applicable","no contact made; nobody approached; no consent and no filming access anywhere","Whether the second phase is proceeding as of 2026, and under which operator. Reporting is contested and politically charged, and allegations of cronyism appear in the press without being established."
"ST-098","SL-SQ24-005","A decision taken quickly and paid for slowly","In April 2021 the government banned synthetic agrochemicals including chemical fertilisers, and lifted the ban in November 2021. A 2023 survey is reported as finding an average paddy yield loss of 53 per cent, with 62 per cent of farmers reporting more than 50 per cent loss, and a 32 per cent post-ban decline in rice yields against the previous nine years while the cultivated area was unchanged. P","evidenced-situation","68","S07","10","T14","SQ24","C021-I01","C080-I03; C096-I01; C076-I03","Being sure without checking whether it is true - The capacity to make up one's mind is separate from the capacity to be right. A mind can settle firmly on something false, just as it can on something true.","Interpretation, not a finding. Observable in: A field being prepared, the shop where fertiliser is bought, and the debt paperwork.","Closes the season. Carries the shift: Division is a process, not a villain.","P7","fixed-date","Cultivation season.","standalone","ST-031; ST-064","not applicable","not applicable","no contact made; nobody approached; no consent and no filming access anywhere","Whether any compensation scheme reached farmers, and what a household's debt actually looks like now. Not established."
"ST-063","SL-SQ17-003","The dog you feed and the ones you do not","A national strategic plan for eliminating dog-mediated human rabies through a One Health approach was developed with the WHO for 2022 to 2026. Peer-reviewed work evaluates a zoned catch-neuter-vaccinate-release programme in Anuradhapura running from 2021 to 2025, combining capture of free-roaming dogs along set routes with voluntary presentation of owned dogs and a peripheral buffer-zone strategy.","evidenced-situation","69","S08","1","T10","SQ17","C030-I02","C027-I01; C024-I03; C098-I01","Kindness that changes with what we notice - Goodwill takes a different form depending on what we attend to in another person. Their suffering calls up compassion. Their happiness calls up gladness for them. The two do not arise in the same moment.","Interpretation, not a finding. Observable in: A catching round, a mobile clinic, the release, and the households that feed a dog without owning it.","Opens the season. Puts the season's question on the table: When is stepping back a way of caring, and when is it not?","P6","unconstrained","none","standalone","ST-059","not applicable","not applicable","no contact made; nobody approached; no consent and no filming access anywhere","Whether the 2026 target date was met or moved. Not established."
"ST-059","SL-SQ16-001","Care that has to stay at a distance","The transit home was established by the government in 1995 and is run by the Department of Wildlife Conservation. Its stated purpose is to rehabilitate orphaned calves for release. Published accounts describe care given with deliberately minimal human interaction so the calves keep their natural behaviour, release in small bonded groups, radio collars for post-release monitoring, and a pre-release","evidenced-situation","70","S08","2","T10","SQ16","C095-I03","C005-I02; C030-I01","Stepping back as care, not as indifference - Care can take the form of stepping back when someone is managing their own life. That is different from not caring, even though the two can look the same from outside.","Interpretation, not a finding. Observable in: Feeding rounds at set times, veterinary work, the release procedure itself, and post-release tracking in the park.","Develops the season's contrast. Also a continuity anchor (rank 5).","P4","fixed-date","Releases happen on a schedule.","primary continuity anchor (rank 5, revisited subject)","SEG-E100B; ST-051; ST-063","not applicable","revisited person or place: The elephants released on screen are looked for again in the reconstruction.","no contact made; nobody approached; no consent and no filming access anywhere","Release success rates and post-release survival, which are the measures that decide whether the policy works. Not found, and they must not be assumed to be good."
"ST-096","SL-SQ24-002","An argument conducted around an animal","The Esala Perahera runs for ten nights ending on the Esala full moon; in 2025 it is reported as running from 30 July to 9 August. The Maligawa tusker carries the casket associated with the Tooth Relic. Reports describe elephant numbers rising to a hundred or more during the Randoli nights. The welfare argument around the use of captive elephants was NOT documented by the research done so far and r","unverified-lead","71","S08","3","T14","SQ24","C086-I02","C024-I03; C020-I02","Praising and blaming because others do - Some judgements of good and bad are not formed by looking but taken over from the people nearby. Once taken over, they can be hard to put down.","Interpretation, not a finding. Observable in: Preparation and caparisoning, the nightly processions, the mahouts' work, and whatever oversight or veterinary process exists.","Develops the season's contrast.","P3","fixed-date","Ten nights ending on the Esala full moon.","standalone","ST-007","not applicable","not applicable","no contact made; nobody approached; no consent and no filming access anywhere","Everything about welfare, regulation, ownership and veterinary oversight. Without that, this is a spectacle, not a documentary, and it should not be scheduled on the strength of the procession alone."
"ST-061","SL-SQ17-001","Calling something by a name so it can be sent away","Thovil is the general Sinhala term for these ritual performances. The sanni yakuma, also called daha ata sanniya, consists of eighteen masked dances, each associated with a particular affliction. The lead practitioner, the yakadura, determines whether a patient is affected and sets an auspicious day and time. Published accounts state that the ritual is still held in some households.","unverified-lead","72","S08","4","T10","SQ17","C047-I02","C030-I02; C020-I01","Sensing another's pain you cannot see - The eye sees only another person's body and face; their pain, love, anger or jealousy is picked up by the mind, as a separate act from seeing.","Interpretation, not a finding. Observable in: An all-night ritual at a household: the building of the ritual enclosure, drumming, masked dance, the patient's presence, and daybreak.","Develops the season's contrast.","P2","unconstrained","none","standalone","ST-007","not applicable","not applicable","no contact made; nobody approached; no consent and no filming access anywhere","No practitioner, household or scheduled ritual has been identified. Nothing was found on whether the practice is declining, despite that being widely assumed."
"ST-062","SL-SQ17-002","The people who work the mountain nobody looks at","In April 2017 a garbage mound at Meethotamulla collapsed, killing 32 people, destroying more than 140 homes and displacing hundreds. The Karadiyana site occupies about 25 acres of wetland adjacent to the Weras Ganga, which flows into Bolgoda Lake, and in early 2019 the National Building Research Organisation reported a risk of collapse if dumping continued at the then rate. Published analysis reco","evidenced-situation","73","S08","5","T10","SQ17","C032-I02","C084-I01; C052-I01; C040-I01","Suffering nobody sees unless they ask - Some suffering is visible, and its cause is plain. Other suffering, such as bodily aches or inner turmoil, can only be known if someone asks, and its cause is not evident.","Interpretation, not a finding. Observable in: Sorting and carrying, the weighing and sale of recovered material, the site itself, and the new plants going up alongside it.","Develops the season's contrast.","P1","unconstrained","none","standalone","ST-002","not applicable","not applicable","no contact made; nobody approached; no consent and no filming access anywhere","How many people currently make a living at Karadiyana, and whether any transition support exists for them. Not established."
"ST-095","SL-SQ23-009","The land under the settlement","A survey is reported to have identified 68,812 families across 1,499 underserved settlements lacking adequate water, electricity and sanitation, with a programme planning 50,000 units to relocate them. Published research records that relocation began by demolishing settlements on the most valuable land, that families were offered a standard two-bedroom unit in any available complex regardless of t","evidenced-situation","74","S08","6","T14","SQ23","C052-I01","C084-I01; C076-I03; C081-I03","When stockpiling turns shared plenty into boundaries - When people move from taking what they need to storing up, something held in common can start to seem scarce. It gets divided, and division makes it possible to take what is someone else's.","Interpretation, not a finding. Observable in: A flat in a tower, the block's shared spaces, the ground where a settlement stood, and a residents' meeting.","Develops the season's contrast.","P1","unconstrained","none","standalone","ST-088","not applicable","not applicable","no contact made; nobody approached; no consent and no filming access anywhere","What happened to the vacated land in each case. That is checkable in land records and has not been checked."
"ST-083","SL-SQ22-004","The market that moved and kept its name","The old Manning Market was established in Pettah more than 180 years ago and is described as the country's oldest public market and economic centre. A decision taken in 2011 to relocate it to Peliyagoda was carried out in 2020, during the pandemic. The new complex covers about 15 acres against about 2 acres in Pettah and comprises more than 1,100 shops and trading spaces, with cool rooms, banks, r","evidenced-situation","75","S08","7","T12","SQ22","C081-I03","C047-I01; C039-I01; C001-I01","Neither the same person nor someone else - A changing life can be misread in two opposite ways: as one unchanged self, or as a string of unconnected people. The source proposes a continuity in which each stage grows out of the last without being identical to it.","Interpretation, not a finding. Observable in: Pre-dawn unloading and auction, porter work, the emptied Pettah site, and the new complex's scale.","Develops the season's contrast.","P1","unconstrained","none","standalone","ST-085","not applicable","not applicable","no contact made; nobody approached; no consent and no filming access anywhere","How many of the original traders actually made the move, and how many stopped. Not established."
"ST-092","SL-SQ23-006","Seventeen hundred and fifty","Reporting records an agreement signed in January 2026 raising the basic daily wage from 1,350 to 1,550 rupees with a further 200 rupees as a daily attendance allowance, giving 1,750 rupees in total, and records labour advocates warning that attendance-based incentives can still reduce what a worker actually earns. The same reporting notes that the governing party had campaigned on 2,000 rupees, an","evidenced-situation","76","S08","8","T14","SQ23","C098-I01","C052-I01; C076-I03","Unfairness that comes from fear, not favour - A person can go wrong in what they do, or in what they leave undone, because they are afraid. Fear bends a decision just as wanting, hostility or confusion can.","Interpretation, not a finding. Observable in: Plucking and weighing, the weighing shed, estate housing, union meetings, and the muster that the attendance allowance depends on.","Develops the season's contrast.","P3","unconstrained","none","standalone","ST-016; ST-029; ST-058","not applicable","not applicable","no contact made; nobody approached; no consent and no filming access anywhere","What a worker actually received in a given month after the attendance condition. That is a payslip question and cannot be answered from reporting."
"ST-060","SL-SQ16-002","Leaving with a list of what would bring you back","Central Bank and policy-institute figures record 310,915 departures for foreign employment in 2025, with the Middle East the leading destination and Kuwait, the UAE and Saudi Arabia the top three. Worker remittances reached a record USD 8.076 billion in 2025, 22.8 per cent above 2024, with about half originating in the Middle East. Policy analysis records 7,448 complaints made by migrant workers i","evidenced-situation","77","S08","9","T10","SQ16","C102-I01","C077-I02; C005-I02; C076-I01","Deciding beforehand what may call you back - Before withdrawing completely from others, a person can settle in advance which claims are weighty enough to bring them back, and arrange things so that their absence harms no one.","Interpretation, not a finding. Observable in: Departure at the airport, the recruitment and training centres, the household left behind, the money transfer, and a return.","Develops the season's contrast.","P7","unconstrained","none","standalone","ST-047","not applicable","not applicable","no contact made; nobody approached; no consent and no filming access anywhere","No individual worker or family has been identified. Complaint figures describe reported cases only and cannot be read as a rate of harm."
"ST-072","SL-SQ19-003","A billion dollars and the pellets still coming ashore","On 24 July 2025 the Supreme Court ordered the ship's owners and operators to pay USD 1 billion in compensation, with a first instalment of USD 250 million ordered by 23 September 2025. The casualty released an estimated 75 billion plastic pellets, described as the world's worst marine plastic spill, and reported wildlife deaths in the following weeks included 417 sea turtles, 48 dolphins and eight","evidenced-situation","78","S08","10","T12","SQ19","C055-I01","C052-I02; C027-I01; C100-I02","Trying to outweigh past harm with later good - People try to balance earlier harm with later good. That effort can change the weight of the past, but it may not erase it.","Interpretation, not a finding. Observable in: Beach cleaning that is still going on, the fishing that resumed, and the compensation process.","Develops the season's contrast.","P1","unconstrained","none","standalone","ST-070","not applicable","not applicable","no contact made; nobody approached; no consent and no filming access anywhere","Whether the first instalment was actually paid, and whether any of it has reached a fisher. That is the whole question and it has not been answered."
"ST-064","SL-SQ17-004","Two hundred kilometres for a prescription","Published figures record around 3,000 suicides a year in Sri Lanka, roughly eight to nine a day, with a 2022 rate of about 15 per 100,000 overall and a large gap between men and women, and record that around 70 per cent of cases are rural. Research records that psychotropic medication is not available in rural clinics, requiring patients to travel 50 to 100 km to renew a prescription, and identifi","evidenced-situation","79","S08","11","T10","SQ17","C032-I02","C047-I02; C001-I03; C030-I01","Suffering nobody sees unless they ask - Some suffering is visible, and its cause is plain. Other suffering, such as bodily aches or inner turmoil, can only be known if someone asks, and its cause is not evident.","Interpretation, not a finding. Observable in: A clinic day, the journey to reach it, a counsellor's round, and the helpline.","Closes the season. Carries the shift: Care has a shape and a limit.","P7","unconstrained","none","standalone","ST-098","not applicable","not applicable","no contact made; nobody approached; no consent and no filming access anywhere","Current national figures. The rate cited is from 2022 and has not been updated here."
"ST-067","SL-SQ18-003","Forty-eight acres of everybody","Kanatte, established in 1866, is described as the main burial ground and crematorium for Colombo: about 48 acres, more than 120,000 graves, 363 war graves, four crematoria, and sections for the different faiths of the city. Newspaper reporting has profiled a long-serving cemetery worker known as Kalu Aiya, said to have around forty years at the site including six years at the crematorium.","evidenced-situation","80","S09","1","T11","SQ18","C092-I02","C092-I01; C084-I01","Measuring your own death against the mighty - Many people accept that others die yet feel exempt themselves. Remembering that the most powerful, rich, strong and wise also died can bring the fact home.","Interpretation, not a finding. Observable in: Grave digging and preparation, cremations, the daily movement of funeral parties, and the guiding of visitors to particular graves.","Opens the season. Puts the season's question on the table: What is left to do for something that has already ended?","P1","unconstrained","none","standalone","ST-066","not applicable","not applicable","no contact made; nobody approached; no consent and no filming access anywhere","Whether the profiled worker is still there thirteen years later. Who employs the gravediggers and on what terms."
"ST-068","SL-SQ18-004","When there is nobody to interpret","Published accounts record around 300,000 Sinhala-speaking people in Sri Lanka who are deaf or hard of hearing, a severe shortage of sign language interpreters, and the absence of a fully developed common sign language for the Sinhala-speaking deaf community, with few resources for teachers. Peer-reviewed research has examined sign language usage among deaf and hard-of-hearing Sri Lankans. The Sri ","evidenced-situation","81","S09","2","T11","SQ18","C066-I02","C091-I01; C032-I02; C096-I02","Hearing the words without the act of meaning - Speaking to someone is a brief act of meaning carried on sound. A machine can reproduce the sound but not the act, and even live speech is understood only by a listener who already knows those sounds.","Interpretation, not a finding. Observable in: A classroom, a hospital appointment without an interpreter, a sign language class, and conversation among fluent signers.","Develops the season's contrast.","P7","unconstrained","none","standalone","none","not applicable","not applicable","no contact made; nobody approached; no consent and no filming access anywhere","Whether Sri Lankan Sign Language has formal legal recognition, and the actual number of qualified interpreters. Neither was established."
"ST-071","SL-SQ19-002","An offering for someone who cannot receive it","Published descriptions of Sri Lankan Buddhist funeral practice record an almsgiving on the seventh day after a death, at which monks are invited and merit is transferred to the deceased, with further observances at three months and at one year. Descriptions also record a preceding evening observance in which a place is prepared and a sermon is given.","unverified-lead","82","S09","3","T12","SQ19","C066-I02","C089-I03; C056-I01; C091-I01","Hearing the words without the act of meaning - Speaking to someone is a brief act of meaning carried on sound. A machine can reproduce the sound but not the act, and even live speech is understood only by a listener who already knows those sounds.","Interpretation, not a finding. Observable in: Cooking and serving the alms, the monks' visit, the chanting, and the gathering of relatives and neighbours.","Develops the season's contrast.","P7","unknown","Cannot be planned; depends on a death and an existing relationship.","standalone","ST-069","not applicable","not applicable","no contact made; nobody approached; no consent and no filming access anywhere","No family has been identified and none should be sought in advance of a death. This lead can only become real through an existing relationship, which is a slow and honest route rather than a plannable one."
"ST-066","SL-SQ18-002","Sixteen beds and the last few weeks","Shantha Sevana, established in 1996, is described as the first palliative care unit in Sri Lanka, adjacent to the National Cancer Institute at Maharagama, offering free care to terminally ill cancer patients, with separate male and female wards of sixteen beds each and two private rooms. Published accounts give the most common reasons for admission as pain management, families being unable to care","evidenced-situation","83","S09","4","T11","SQ18","C062-I01","C032-I02; C095-I03; C030-I01","Trying to shape a dying person's last impressions - People who sit with the dying often try to fill the last moments with meaningful sounds, scents, tastes and touch, yet what the dying person actually takes in remains beyond their control.","Interpretation, not a finding. Observable in: Ward rounds, pain management, family visits, and the transit homes where families of outpatients stay.","Develops the season's contrast.","P1","unconstrained","none","standalone","ST-067","not applicable","not applicable","no contact made; nobody approached; no consent and no filming access anywhere","Whether any hospice would permit filming, and under what conditions. Realistically this may be refused, and refusal would be the correct answer."
"ST-086","SL-SQ22-008","Villages with a water level over them","Under the accelerated Mahaweli programme from 1977, the Victoria, Kotmale, Randenigala and Rantembe dams were built within a compressed period. Published accounts record approximately 8,000 families evicted from the Victoria reservoir area and about 3,200 from Kotmale, with accounts of inadequate compensation or land, and name the villages submerged at Kotmale, including Thispane, Morape, Pusulpit","evidenced-situation","84","S09","5","T13","SQ22","C047-I01","C100-I02; C089-I02; C001-I01","Remembering a place versus remembering being there - Recalling a place, recalling that we were there, and recalling how we felt there are different acts of memory, and none of them holds the place as it is now.","Interpretation, not a finding. Observable in: The reservoir at low water, the memorial, and the resettlement colonies where people were sent.","Develops the season's contrast.","P3","seasonal","Reservoir at low water.","standalone","ST-016; ST-073","not applicable","not applicable","no contact made; nobody approached; no consent and no filming access anywhere","How many of the displaced are still alive and locatable, and where they were sent. The resettlement areas are scattered and no register was found."
"ST-081","SL-SQ22-001","Listening for the singing fish","The Batticaloa lagoon is widely known as the place of the singing fish, a reported underwater sound heard on still nights. A recording made near the Kallady bridge in the 1950s by a priest, Father Lang, is the best-known documentation. Scientific literature records that the lagoon, Sri Lanka's third-largest brackish water body, has undergone habitat degradation and water-quality deterioration over","unverified-lead","85","S09","6","T13","SQ22","C047-I01","C009-I01; C036-I02","Remembering a place versus remembering being there - Recalling a place, recalling that we were there, and recalling how we felt there are different acts of memory, and none of them holds the place as it is now.","Interpretation, not a finding. Observable in: Night boats on the lagoon, listening with an oar or a hydrophone, the bridge, and the fishing that continues in the lagoon.","Develops the season's contrast.","P4","seasonal","Still nights.","standalone","none","not applicable","not applicable","no contact made; nobody approached; no consent and no filming access anywhere","Whether the sound is currently audible, whether any recording of it exists that can be licensed, and which species is responsible. None of this is established, and the premise collapses into folklore if nothing can be heard. That is itself a legitimate outcome for a documentary, but it must be planned for."
"ST-070","SL-SQ19-001","Planting back into the ponds","Published research records that over half the mangrove cover around Puttalam lagoon was removed between 1992 and 1998 for shrimp aquaculture, that shrimp-farm area increased dramatically over a nineteen-year period while mangrove area declined by about a third, and that more than 90 per cent of former shrimp ponds in the district are now abandoned after disease and poor management. Restoration is ","evidenced-situation","86","S09","7","T12","SQ19","C055-I01","C052-I03; C100-I02","Trying to outweigh past harm with later good - People try to balance earlier harm with later good. That effort can change the weight of the past, but it may not erase it.","Interpretation, not a finding. Observable in: Nursery beds, seedling planting in and around abandoned ponds, the derelict pond bunds themselves, and lagoon fishing.","Develops the season's contrast.","P6","unconstrained","none","standalone","ST-072","not applicable","not applicable","no contact made; nobody approached; no consent and no filming access anywhere","Who owns the abandoned ponds, and whether restoration is legally settled or contested. Not established."
"ST-069","SL-SQ18-005","A sum of money instead of an answer","The 2019 Easter Sunday bombings killed 279 people, with 117 killed at St Sebastian's Church in Negombo, the deadliest single site. Seven years on, reporting records survivors still carrying physical and emotional injuries and successive governments failing to deliver a prosecution. The Catholic Church has continued to call for a special prosecutor, including in October 2025, describing the investi","evidenced-situation","87","S09","8","T11","SQ18","C060-I01","C022-I01; C055-I01; C052-I02","Asking why a life ended too soon - After an early death, people often look for one decisive reason, while the actual causes are usually many, tangled and partly unknowable.","Interpretation, not a finding. Observable in: The anniversary at the church, the parish's continuing campaign, and the legal process that produced compensation without a conviction.","Develops the season's contrast.","P1","fixed-date","Easter.","standalone","ST-071","not applicable","not applicable","no contact made; nobody approached; no consent and no filming access anywhere","Whether any compensation ordered has been paid, and the current status of the criminal investigation. Neither was established."
"ST-073","SL-SQ20-001","The tanks that were built for a drought nobody alive remembers","The FAO recognises Sri Lanka's cascaded tank village system as a Globally Important Agricultural Heritage System. Published accounts describe more than 14,000 small ancient village tanks supporting around 246,000 hectares of paddy, about 39 per cent of the irrigable area, with many others rendered dysfunctional by poor maintenance and under pressure from climate, land use and agricultural intensif","evidenced-situation","88","S09","9","T13","SQ20","C052-I03","C052-I01; C001-I01","Why lessons learned in disaster fade in plenty - Seeing loss up close can make people careful and restrained. Long comfort can let them stop noticing ageing and death, and that restraint slowly wears away.","Interpretation, not a finding. Observable in: Desilting, bund repair, replanting the tank's forest belt, the seasonal filling and drawing down of a tank, and the farmer-organisation meetings where water is allocated.","Develops the season's contrast. Also a continuity anchor (rank 7).","P6","fixed-date","Filling and drawdown of the tanks.","primary continuity anchor (rank 7, system continuity)","SEG-E100B; ST-086; ST-094","not applicable","context revealed later: One cascade physically links two episodes filmed months apart and presented as unrelated places.","no contact made; nobody approached; no consent and no filming access anywhere","Which specific cascade has work scheduled in the coming season, and whether a farmer organisation would welcome filming. Not established."
"ST-065","SL-SQ18-001","The train that stops there every December","On 26 December 2004 the Ocean Queen Express was struck by the tsunami at Peraliya; reported death tolls are around 1,000, including passengers and local residents who had taken shelter in the train. Each year on the anniversary the same service stops at the spot for a commemoration; the twentieth anniversary was marked there on 26 December 2024. Reporting records that the same guard who survived t","evidenced-situation","89","S09","10","T11","SQ18","C077-I01","C047-I01; C092-I01","Grief that burns inside, spills over, then wears down - Grief after a loss may take distinct forms: a burning kept inside, an outpouring in words and weeping, and a later heaviness when the outpouring has spent itself.","Interpretation, not a finding. Observable in: The annual stopping of the train, the memorial, the rebuilt village, and the ordinary service that runs past the spot on every other day of the year.","Closes the season. Carries the shift: Repair changes the weight of the past without erasing it, and some of what people do after a loss is not repair at all but a way of continuing to attend. Also a continuity anchor (rank 8).","P2","fixed-date","26 December, every year.","primary continuity anchor (rank 8, date and place)","SEG-E100A","not applicable","visual or sound echo: The ordinary-day footage of the line at Peraliya runs under the departure sequence.","no contact made; nobody approached; no consent and no filming access anywhere","Whether the named guard is still alive and still working, twelve years after the 2014 report. This must be checked before any approach and the answer may end the lead."
"ST-075","SL-SQ21-002","The model that has to be destroyed","Published accounts describe a concentration of brass and silver workers in these villages, working ornamental lamps, trays, kendi vessels and temple fittings by lost-wax and sand casting, with the trade handed down within families.","evidenced-situation","90","S10","1","T13","SQ21","C001-I01","C073-I03","When a whole is only its parts arranged - Many things we treat as solid wholes, such as a table, a person or perhaps a place or community, may be names for parts held in a particular arrangement. When the arrangement changes, the “thing” can seem to vanish.","Interpretation, not a finding. Observable in: Modelling in wax, investing the model, burning out, pouring, breaking the mould, chasing and polishing. In lost-wax casting the original is necessarily destroyed to produce the object.","Opens the season. Puts the season's question on the table: What makes something still the same thing after everything in it has been replaced?","P3","unconstrained","none","standalone","ST-074","not applicable","not applicable","no contact made; nobody approached; no consent and no filming access anywhere","Whether any workshop still casts by the full lost-wax method rather than reusing permanent moulds. This single question decides whether the premise holds, and it has not been answered."
"ST-074","SL-SQ21-001","Five generations at the same mask bench","Ambalangoda is the centre of Sri Lankan mask carving. Published accounts describe workshops held within one family across five generations, with carving, painting and a museum on the same premises.","evidenced-situation","91","S10","2","T13","SQ21","C039-I01","C001-I01; C093-I01","When steady replacement looks like staying the same - Something can seem unchanged for years because its parts are replaced a few at a time, in the same places, so that the change never shows.","Interpretation, not a finding. Observable in: Drying and seasoning kaduru wood, roughing out the facial form with chisels, fine detail carving, paint preparation and painting; visitors passing through the museum while work continues behind it.","Develops the season's contrast.","P2","unconstrained","none","standalone","ST-075","not applicable","not applicable","no contact made; nobody approached; no consent and no filming access anywhere","Whether any workshop other than the well-known museum ones still carves for ritual use rather than for sale. The five-generation claim comes from the workshop's own presentation and needs an independent check."
"ST-080","SL-SQ21-008","Named after a tree it is mostly no longer made from","Toddy, locally ra, is the fermented sap of the coconut palm, tapped by climbers and sold through taverns licensed by the Excise Department, with coastal taverns described around Negombo, Kalpitiya and the Galle outskirts. Published accounts describe pressure on the trade from urbanisation reducing coconut-grove acreage on the western coast and from younger people being less willing to take the phy","evidenced-situation","92","S10","3","T13","SQ21","C039-I01","C001-I01; C084-I01; C003-I02","When steady replacement looks like staying the same - Something can seem unchanged for years because its parts are replaced a few at a time, in the same places, so that the change never shows.","Interpretation, not a finding. Observable in: Tapping, collection, the tavern itself, and the distillery where the same name is applied to a different base material.","Develops the season's contrast.","P1","unconstrained","none","standalone","none","not applicable","not applicable","no contact made; nobody approached; no consent and no filming access anywhere","What proportion of arrack sold as coconut arrack is actually made from palm sap. This is the question the premise rests on and it is not answered by any source found."
"ST-076","SL-SQ21-003","The looms are still there","Press reporting describes small handloom factories and family-run businesses closing after the Covid period and the financial crisis when loan repayments became unmanageable, skilled weavers migrating abroad, experienced craftsmen retiring, and businesses operating at a fraction of previous capacity while demand remains. Sri Lankan weaving is described as divided between the Thalagune and migrant ","evidenced-situation","93","S10","4","T13","SQ21","C066-I03","C001-I01; C100-I02","Ageing noticed only after growing stops - Wearing down is present all along, but while a body is growing, growth hides it. What people later call ageing is the late appearance of signs of a process already under way.","Interpretation, not a finding. Observable in: Warping, threading, treadle weaving, dyeing; idle looms in the same room as working ones.","Develops the season's contrast.","P6","unconstrained","none","standalone","none","not applicable","not applicable","no contact made; nobody approached; no consent and no filming access anywhere","No individual workshop has been identified. The Thalagune tradition is described in trade sources in terms that need checking against scholarship."
"ST-085","SL-SQ22-007","Thirty-two halls left","Published accounts record cinema attendance falling from a peak of 74.4 million in 1979 to 27.8 million in 1989 and to about 5.5 million by 2010, with a further 111 cinemas closing by the end of 2010, and record the number of active cinemas as having come down to around 32 by 2021. Reporting describes screenings cancelled because fewer than ten people attended, and records a pivot to streaming inc","evidenced-situation","94","S10","5","T13","SQ22","C032-I01","C047-I01; C039-I01; C100-I02","When pleasure turns into pain by ending - A pleasure that is not painful in itself can still become a source of pain, because it changes or comes to an end.","Interpretation, not a finding. Observable in: A screening with almost no one in it, the projection box, the front of house, and whatever the building is becoming.","Develops the season's contrast.","P7","unconstrained","none","standalone","ST-083","not applicable","not applicable","no contact made; nobody approached; no consent and no filming access anywhere","The current hall count. The 32 figure is from 2021 and both closures and refurbishments have happened since."
"ST-079","SL-SQ21-007","The house that used to have a garden in front of it","Published reporting records severe coastal erosion affecting beaches, infrastructure and livelihoods, with over 30 acres of land loss reported in the Kalutara area and maximum erosion rates of about 4.7 to 5.3 metres a year at named high-risk sites. Reporting records households along named coastal belts left unsafe after houses and property were lost to the sea, and families relocating in Trincoma","evidenced-situation","95","S10","6","T13","SQ21","C066-I03","C080-I03; C052-I01; C047-I01","Ageing noticed only after growing stops - Wearing down is present all along, but while a body is growing, growth hides it. What people later call ageing is the late appearance of signs of a process already under way.","Interpretation, not a finding. Observable in: A shoreline at high tide, a sea wall, a house with its foundation exposed, and a family deciding whether to move.","Develops the season's contrast.","P1","seasonal","Erosion is worst in the monsoon.","standalone","none","not applicable","not applicable","no contact made; nobody approached; no consent and no filming access anywhere","Attribution. Natural longshore processes, dredging, structures and sea-level rise are all in play and the sources disagree. The film must not settle this."
"ST-082","SL-SQ22-003","A script with fewer and fewer readers","Arwi, Tamil written in an adapted Arabic script, is described as having been used in early Sri Lankan madrasas for teaching Arabic and by merchants for correspondence and contracts, with manuscripts preserved in Beruwala, Kattankudy and Puttalam. Sri Lankan Moor communities trace their origins to Arab and Persian trade across the Indian Ocean, with Beruwala, Galle and Trincomalee as early ports.","unverified-lead","96","S10","7","T13","SQ22","C091-I01","C089-I02; C100-I02","Recalling someone's goodness in words you understand - Calling to mind the real qualities of someone deeply respected can lift and steady the mind, but only when the person grasps what they are recalling. Repeating words of praise one does not understand does not do the same work.","Interpretation, not a finding. Observable in: Not established. Any filming depends on locating a specific collection and a reader, neither of which has been done.","Develops the season's contrast.","P4","unknown","No collection or reader located.","standalone","ST-087","not applicable","not applicable","no contact made; nobody approached; no consent and no filming access anywhere","Whether any institution holds a catalogued Arwi collection, and whether anyone currently reads Arwi as a working skill. Both are unknown, and the second one decides whether there is a film here."
"ST-087","SL-SQ22-010","Words the grandchildren can say but not use","Sri Lanka Malay is a creole that developed among people brought from the Dutch East Indies roughly three centuries ago, shaped by Sinhala and Tamil. The community is reported at around 50,000, concentrated in Colombo, Hambantota and Kirinda, with speakers described as an absolute majority of the population in Kirinda. The language is listed as endangered; published accounts record that few childre","evidenced-situation","97","S10","8","T13","SQ22","C091-I01","C066-I02; C089-I02; C081-I03","Recalling someone's goodness in words you understand - Calling to mind the real qualities of someone deeply respected can lift and steady the mind, but only when the person grasps what they are recalling. Repeating words of praise one does not understand does not do the same work.","Interpretation, not a finding. Observable in: Household conversation, a community event, and a classroom where the language is not taught.","Develops the season's contrast.","P2","unconstrained","none","standalone","ST-082","not applicable","not applicable","no contact made; nobody approached; no consent and no filming access anywhere","Whether any teaching or documentation effort is currently running in Kirinda. Not established."
"ST-077","SL-SQ21-004","A railway that stays the same by being replaced","Sri Lanka Railways publishes a disaster recovery and restoration status page, with a version dated 29 December 2025, indicating that restoration work following the December 2025 floods was being tracked at that date. The hill line includes the Demodara loop, where the line passes through a tunnel beneath its own station, and Demodara station is 292.3 km from Colombo. Reporting elsewhere records th","evidenced-situation","98","S10","9","T13","SQ21","C039-I01","C014-I02; C096-I01","When steady replacement looks like staying the same - Something can seem unchanged for years because its parts are replaced a few at a time, in the same places, so that the change never shows.","Interpretation, not a finding. Observable in: Track and bund repair, slips and clearance, the loop and tunnel, and the trains running through a worksite.","Develops the season's contrast.","P3","seasonal","Restoration work follows the damage.","standalone","ST-016; ST-084","not applicable","not applicable","no contact made; nobody approached; no consent and no filming access anywhere","What was actually damaged in December 2025 and what remains unrestored. The status page must be read in full, and its current version checked, before anything is claimed."
"ST-084","SL-SQ22-005","A line put back where it was","The northern railway between Omanthai and Kankesanthurai and between Medawachchiya and Talaimannar Pier was destroyed during the war. Reconstruction of the 265 km northern line was carried out with a line of credit from the Government of India and executed by an Indian state-owned contractor. The Jaffna to Kankesanthurai section reopened on 2 January 2015 after the station had not functioned betwe","evidenced-situation","99","S10","10","T13","SQ22","C014-I02","C089-I02; C047-I01; C039-I01","Moving beyond something while still hanging from it - A step that goes beyond an earlier stage can still depend on that stage for its footing. Surpassing something and being free of it are not the same.","Interpretation, not a finding. Observable in: The working line today, the stations rebuilt on old sites, the Talaimannar Pier terminus, and the ordinary journeys people now make on it.","Closes the season. Carries the shift: Continuity is made of replacement. Also a continuity anchor (rank 9).","P5","unconstrained","none","primary continuity anchor (rank 9, journey and ending)","SEG-E100B; ST-003; ST-077","not applicable","chronological continuation: The last episode of the public journey is revealed to have happened long before the audience was shown it.","no contact made; nobody approached; no consent and no filming access anywhere","Whether anyone now working the line also worked it before 1990. That single question would turn a piece of infrastructure into a person, and it has not been answered."
